sha256	bytes	path
5507bf0f28bede8bf5ad2f35c2ad6cc226943b478a3053ac0da49c27eb3dc4f5	600	.gitignore
cdbbd62d840df9e39a76bd0fd1027bc919da17823b36d674562f76ea328265f0	2103	CHANGELOG.md
05131f038c458bd5a3b1c30465bf2d53cbc38fae618a3513f4364c5ea23ea43d	1081	CITATION.cff
68c7010b1c004fb11904b39b41d8822f9ccd1086ed4f40a37ecfed8d0b84b33c	1906	LICENSE
0290ce54e62c661d01df5667ab1d38c8a73749212a36cfba9a5ce74e4eeaa4a6	3901	README.md
0f96341c2fc958ecfc8ae70bfb96eedff3464c50dddfc194228f885e710e8d53	2779	audit/README.md
3e9f092accecc1549ece4bf83e7e6f13b4f2408f9646e0d95a2740de59482bf9	3039	audit/critical_appraisal/appraisal_units_in_final_dataset_v4.csv
656e78f2a2ccad5a9ca96d9f6cfbdcba1e93d0bd996b465d023ecb444e31e39d	111916	audit/critical_appraisal/critical_appraisal_domain_decisions_64_units.csv
52de07d28b43743b44fe35009fd544f00cf2ebc66cf85aca43606bbf57b55f2e	19279	audit/critical_appraisal/critical_appraisal_unit_summary_64_units.csv
8abb0198cedc1e106b578440d38e78c0f8636f661d074b36af2caa3be1d46e63	4203	audit/critical_appraisal/critical_concern_outcomes.csv
63a857b6deccc06e8685442f076d6f08167d1a598a0b7fdefab3916e7e716367	10527	audit/eligibility_reassessment_95_studies.csv
39a0aff8826245004e13a047fb862c0ea4d8d300e076d2268f9c825d76162265	93163	audit/final_value_audit_491_values.csv
965acec2ab8d27d718d49803daaf774ae6659b6e932be8f96b0897967c111aaf	17261	audit/final_value_audit_second_reviewer_100.csv
6fb3d86d84540b7046d6bdac1a98ca6a16277bd92ac531e89f19a93d1629a52e	3654	data/README.md
589605e7df9bb8c1e2967bc20efcb28ab2cf5c01ded31cbd33b7b8f385a3f7c2	690389	data/abundance_liquid_v4.csv
028fbd68cc767eadbecc39bd481e58ef9e7ce44cd451a48555a37dca4e8a893e	83852	data/change_log_v3_to_v4.csv
a224fe743ac50145781f50086d9b1cc8413d9498006a7e9f85a92e30cc70acf4	2187	data/metadata_coverage_v4.csv
c25a2aaa9bf758160347a914fcf3a930f7f0198c021dedce5b7e8475b696bf58	147970	data/removal_log10_reduction_v4.csv
d1a78bef9e80dfd0e20a633cef9b47e51dd3981c010ef9af77d0170739bc5523	53822	data/removal_percent_v4.csv
4e3290a392390e87123e085fc806f9a395f5e52fd797a4ef16b9201f3b82b055	231232	data/removal_route_layer_v4.csv
55b5139a7733b00f9a93921b11ab9fc62e68f6614ee65e741459b6fbef985bc8	43498	data/reported_detection_aggregate.csv
88c5f0961879466a150ad4f558a7a64549816f307fc3345c8dfb60923813eba2	1069	data/reported_detection_by_family_and_matrix.csv
5eeb74c2f3d304f4191b947631a1cbbe54b5db192209d1f98d8634eb5ec508d4	40013	data/study_characteristics_quantitative_core_v4.csv
d5cbeda82a707ed3259f2aa39bc021c77a57b2a988a6c626100b3b3daf1ea6fb	166	environment.yml
a3d86ff42fc87d5ad47e73f4f95d3db1d814a2c7bc52a1549f92ded0d6bff4cc	1780	metadata/dataset_definitions_v4.md
1e918dcbaddf3d43aa89a679bcc40eb75929817e2a837793d2b007467fe96147	1994	metadata/model_ledger.md
2ffe77172c916b6ca973ef0a725c54464ac5305e7993c576ed1e7b65c08b6479	1700	protocol/README.md
97b3a7950b3c4656b2f99197d6b84febdc9f29e1e4021d5f794f0362e17db71e	3050	protocol/decision_rules.md
116f4818e78524fc0bcbe34f22481ff8cb62062438314677b8331237d9128eb7	403	protocol/fulltext_exclusion_reasons.csv
b46a0064c8bd1ea86cc889a0c598ec948de1427d262a84f13a5b4bf4113439e9	196	protocol/fulltext_screening_targeted_audit_689.csv
31de918eb97766f8a1a5bfcff9b36baa562fb8567e9baea0fc6bb36829a1e466	984	protocol/prisma_flow.csv
c9efe29ca28c476e70e765d397930d8c62c704daa0cc09d4b5e696d0568933b8	10568	protocol/prompt_fulltext_screening_v5_2.md
51c2668fd2d4b7f3ab99ebdc6cdb8f7fa78d94535bd431ab711e51759b79e413	15123	protocol/prompt_text_extraction.md
cc96a05f534e8d2e5d263e358f15f03c5fc4fa1bbb1d2046c550e489a30c8a93	17963	protocol/prompt_title_abstract_screening_v5.md
2bca25ad310a4ae1d51048147adf292f7ca71ed4ffa9381408ee3702f010c889	68779	protocol/screening_benchmark_gold_and_predictions.csv
786a2291665314f6306f2510f2b2e70bee2d127392c7250b3cbc251a1fffc27d	563	protocol/screening_benchmark_metrics.csv
3e282c8909d74324175ff0351fd9c137906275269f238a58bdf1a531254be49d	3928	protocol/screening_benchmark_run_manifest.md
2cf2287048c897832c448ae0c43e1a83074fb7990d55c31ccaa10d5bd0a1e08f	4119	protocol/search_strategy.md
a3acd7bec268181d3e07ad0f83a810e9c26c41d4de88d6579904a4752e7b6506	134146	protocol/title_abstract_screening_decisions_1530.csv
2e05d07b95d4be2b1e1e656822581a384b68e6f0cefe47bb1efde836c0b5d565	41	requirements.txt
02b6af3ab43bffa32ea7ccf423526813f16246d32342120f6c5c8b5f00132f8d	1664	results/README.md
81baf25ab5f478493dac3d2bca813577aefda032a42e74c111c8b051a58127cb	1304	results/abundance_all_scales_by_family_and_matrix.csv
e9e2c8400d29babf56e584feb7e8afa34f4a0ee735bf1ab234b3d5a8e2f92c9c	1231	results/abundance_full_scale_by_family_and_matrix.csv
da637e7aca3bac878bda723c6f9cf2248ee0d04a1ce2676461a32e4eed6225dd	406	results/critical_appraisal_sensitivity_by_gene_family.csv
d702af574379f31f56ebba91b64623369fb2737be27351d7029b1d76f70fca4b	468	results/critical_appraisal_sensitivity_by_treatment_primary.csv
6549cff83b326d2107f8c5e57ad007cbbf19c1a05888ce8aa409f17e8f51a493	473	results/critical_appraisal_sensitivity_by_treatment_restricted.csv
2abaf9b494d6e04f17a974b224b2230d1e8ababb2eae42afd5a6688fa92d9c0f	377	results/critical_appraisal_sensitivity_main_route.csv
2d49d0aa8c11e9d2d440c9c4ea9eec86802db0f0f5b434ef0ff9569a1b6c4102	1132	results/percent_removal_by_route_and_gene_family.csv
5bb1ce10660cc070448c86f07dc56a547380d47fd9bd5283b32ec8828a6c8dd6	420	results/removal_all_tiers_pooled_by_route.csv
42ae501fa2c1ea6dc2e7a0dd7ae5a4d1a9af4d693eba4e497d80b8ee7e4af995	411	results/removal_by_route.csv
e8477c5a37b4d467bff258f37a559f3ee1e412ccdca8d7a69269b0c3078a038c	423	results/removal_by_treatment_category.csv
b0aa0a83ab06a58b6ed968e595408deb1b4d7c8f24f3a41e1ec21c68107bb54b	1383	results/removal_gene_family_by_route.csv
fb5dcbc729ae44ad7d3bc86c9b8b13b7077e35acd91d4b85940705e836fc7a4c	434	results/removal_main_route_by_gene_family.csv
41532067123b8b9775df7733b153751c4c3b68babb1229479e09252da816412c	220	results/removal_tier2_by_route.csv
56ffa2ddbacbce2f7623db7c3d6f09a3696917f779351c8505b54b592dd4f31d	295	results/removal_tier2_by_treatment_category.csv
b179db48c45422b5bff39940a65c1267233de4a71db5ebb87a3765c39f51a0de	1168	results/removal_treatment_category_by_gene_family.csv
9d34a4bd20c901ce578f88af1d35e458c8aa5981e9c7d9130014238510e6e375	32410	results/results_summary.json
5c458aab2a3461d7a769200a77c4da32d2be1e72b16d6048586698ad676d0c96	484	results/sensitivity_five_study_threshold.csv
308032bd5f5891a6d3105658d0fd196534b2399c23f1970eea3ab01de1eddf70	526	scripts/README.md
e6530f991369fb5990c9499e29fa75aeeb76fc3995b19964ee72059433474e25	3873	scripts/audit_agreement.py
26b2728e8a03a041edc1324448eb4367881924893230043391405d98ee493cd7	1203	scripts/build_checksums.py
ea4fa35916d6745194a451d39d0cc351f30d94638a98b92a37519199ae621e8a	14395	scripts/reproduce_results.py
591f0d17afa546d6b8226bf05cc09c59efd07a47887095237405a6c59192ff60	1950	scripts/validate_public_release.py
ffd6ef178c8cf937b1d7d25a607000d6dcee5ee15492dceb4df3d4ebae34824c	1293	scripts/verify_checksums.py
