record_id,doi,human_label,pred_gpt4omini,pred_gpt54mini,pred_mistral,pred_tfidf
R0742,10.1002/tqem.70339,Maybe,Maybe,Maybe,Maybe,Maybe
R0881,10.1016/j.chemosphere.2019.124843,Exclude,Maybe,Exclude,Include_Core,Exclude
R0887,10.1021/es203399h,Exclude,Maybe,Include_Core,Include_Core,Exclude
R1408,10.1016/j.envpol.2020.114741,Exclude,Maybe,Exclude,Exclude,Exclude
R0507,10.1016/j.watres.2023.120062,Maybe,Maybe,Include_Core,Include_Core,Maybe
R1397,10.1016/j.jhazmat.2025.137231,Maybe,Maybe,Include_Core,Include_Supporting,Maybe
R0492,10.1038/s41467-024-51957-8,Maybe,Maybe,Maybe,Include_Core,Maybe
R0915,10.1016/j.biortech.2020.124575,Maybe,Maybe,Include_Core,Include_Supporting,Maybe
R0921,10.1093/femsec/fiy101,Exclude,Maybe,Exclude,Exclude,Exclude
R0924,10.1016/j.jhazmat.2022.128547,Maybe,Maybe,Include_Core,Include_Supporting,Include_Supporting
R0474,10.3389/fmicb.2022.995418,Maybe,Maybe,Maybe,Maybe,Exclude
R0934,10.1016/S1002-0160(18)60062-1,Exclude,Maybe,Exclude,Exclude,Exclude
R0467,10.1016/j.chemosphere.2017.05.149,Include_Supporting,Maybe,Include_Core,Include_Core,Maybe
R0955,10.1016/j.scitotenv.2022.153186,Maybe,Maybe,Maybe,Include_Core,Maybe
R0434,10.1016/j.watres.2021.117720,Include_Core,Maybe,Include_Core,Include_Core,Maybe
R0409,10.1016/j.envint.2022.107185,Maybe,Maybe,Include_Core,Include_Core,Maybe
R0725,10.1016/j.jhazmat.2025.139305,Include_Supporting,Maybe,Include_Core,Include_Core,Maybe
R0990,10.1016/j.jclepro.2020.120402,Maybe,Maybe,Include_Supporting,Include_Supporting,Maybe
R0384,10.1371/journal.pone.0122635,Maybe,Maybe,Maybe,Include_Core,Maybe
R0371,10.1016/j.jhazmat.2024.133790,Maybe,Maybe,Maybe,Include_Core,Include_Core
R1363,10.1371/journal.pone.0261306,Exclude,Maybe,Maybe,Include_Supporting,Maybe
R0359,10.1016/j.watres.2022.119189,Maybe,Maybe,Maybe,Include_Core,Maybe
R1024,10.1016/j.jhazmat.2022.128722,Exclude,Maybe,Maybe,Include_Supporting,Include_Supporting
R1025,10.1016/j.chemosphere.2021.130591,Maybe,Maybe,Maybe,Include_Core,Maybe
R1040,10.1016/j.watres.2021.117932,Exclude,Maybe,Include_Core,Include_Core,Exclude
R0311,10.1016/j.jenvman.2024.121615,Maybe,Maybe,Include_Supporting,Exclude,Include_Supporting
R0305,10.1016/j.envres.2023.115897,Maybe,Maybe,Include_Core,Include_Supporting,Maybe
R1074,10.1186/s12915-019-0649-1,Exclude,Maybe,Maybe,Include_Core,Maybe
R1075,10.1016/j.jhazmat.2020.124981,Maybe,Maybe,Include_Supporting,Include_Supporting,Maybe
R0278,10.1016/j.scitotenv.2021.149549,Include_Supporting,Maybe,Include_Core,Include_Supporting,Include_Supporting
R0528,10.1016/j.chemosphere.2024.142602,Exclude,Maybe,Exclude,Exclude,Exclude
R0532,10.1016/j.scitotenv.2024.178306,Maybe,Maybe,Include_Supporting,Include_Core,Maybe
R0540,10.1016/j.envpol.2024.124772,Maybe,Maybe,Maybe,Include_Core,Maybe
R1410,10.1016/j.chemosphere.2018.09.066,Maybe,Maybe,Maybe,Include_Core,Maybe
R0724,10.1016/j.biteb.2023.101453,Maybe,Maybe,Maybe,Include_Supporting,Include_Supporting
R0715,10.1016/j.jhazmat.2023.131587,Exclude,Maybe,Maybe,Exclude,Maybe
R0701,10.1016/j.clwat.2025.100110,Exclude,Maybe,Exclude,Exclude,Exclude
R0700,10.1016/j.cej.2025.165253,Maybe,Maybe,Include_Core,Include_Supporting,Include_Supporting
R0697,10.1016/j.watres.2024.121909,Maybe,Maybe,Include_Core,Include_Core,Exclude
R0755,10.1016/j.envint.2023.108351,Include_Core,Maybe,Include_Core,Include_Core,Maybe
R0680,10.3390/microorganisms11030727,Maybe,Maybe,Maybe,Include_Core,Maybe
R0765,10.1016/j.jhazmat.2025.138053,Maybe,Maybe,Include_Core,Include_Supporting,Exclude
R0673,10.1016/j.envpol.2025.125777,Maybe,Maybe,Include_Supporting,Include_Supporting,Maybe
R0671,10.1186/s40168-025-02297-2,Maybe,Maybe,Include_Core,Include_Core,Maybe
R0768,10.1016/j.biortech.2026.134353,Maybe,Maybe,Maybe,Include_Supporting,Maybe
R1452,10.1016/j.envint.2018.03.044,Exclude,Maybe,Exclude,Exclude,Exclude
R0771,10.1186/s40168-025-02253-0,Maybe,Maybe,Include_Core,Include_Core,Maybe
R0659,10.1016/j.jhazmat.2025.140363,Maybe,Maybe,Maybe,Include_Core,Maybe
R1349,10.3390/su151612216,Exclude,Maybe,Exclude,Exclude,Exclude
R0655,10.1016/j.scitotenv.2026.181478,Maybe,Maybe,Include_Core,Include_Core,Maybe
R0794,10.1016/j.jece.2026.122258,Exclude,Maybe,Include_Core,Include_Supporting,Exclude
R0636,10.1016/j.envres.2025.120910,Maybe,Maybe,Include_Core,Include_Core,Maybe
R0800,10.1016/j.cej.2025.172382,Maybe,Maybe,Include_Supporting,Include_Supporting,Maybe
R0627,10.1016/j.jhazmat.2024.135353,Include_Core,Maybe,Include_Core,Include_Core,Include_Core
R1436,10.1016/j.scitotenv.2020.139128,Exclude,Maybe,Exclude,Maybe,Exclude
R0599,10.1016/j.jenvman.2025.127258,Include_Supporting,Maybe,Include_Core,Include_Core,Include_Supporting
R0590,10.1016/j.scitotenv.2024.171643,Maybe,Maybe,Include_Core,Include_Core,Exclude
R0571,10.1016/j.chemosphere.2023.138098,Maybe,Maybe,Include_Core,Include_Supporting,Include_Supporting
R1423,10.1016/j.psep.2023.03.010,Maybe,Maybe,Maybe,Include_Supporting,Exclude
R0846,10.1021/acs.estlett.9b00521,Include_Core,Maybe,Maybe,Include_Core,Maybe
R1416,10.22099/mbrc.2021.39468.1584,Maybe,Maybe,Maybe,Include_Core,Maybe
R1413,10.1016/j.scitotenv.2022.153918,Include_Supporting,Maybe,Include_Supporting,Include_Supporting,Maybe
R0870,10.1016/j.scitotenv.2018.10.167,Exclude,Maybe,Maybe,Include_Core,Maybe
R1470,10.3389/fmicb.2017.02298,Exclude,Maybe,Exclude,Exclude,Exclude
R0776,10.1007/s11270-026-09173-1,Maybe,Maybe,Include_Supporting,Include_Supporting,Include_Supporting
R0265,10.1016/j.jenvman.2022.115521,Exclude,Maybe,Exclude,Maybe,Maybe
R0402,10.1128/MRA.00332-21,Exclude,Maybe,Exclude,Exclude,Exclude
R1515,10.3390/ijerph20105868,Exclude,Maybe,Exclude,Maybe,Exclude
R0075,10.2166/wh.2023.073,Maybe,Maybe,Maybe,Include_Core,Maybe
R1292,10.1016/j.jclepro.2020.122411,Exclude,Maybe,Maybe,Include_Core,Exclude
R1161,10.1038/s41598-021-98300-5,Exclude,Maybe,Maybe,Include_Core,Maybe
R1154,10.1007/s42770-022-00786-2,Maybe,Maybe,Maybe,Include_Core,Exclude
R1208,10.1016/j.watres.2024.122929,Exclude,Maybe,Maybe,Include_Core,Exclude
R1206,10.1016/j.scitotenv.2021.145951,Exclude,Maybe,Exclude,Include_Supporting,Include_Core
R1313,10.1016/j.jes.2024.02.005,Exclude,Maybe,Exclude,Exclude,Exclude
R1230,10.1016/j.biortech.2021.125767,Maybe,Maybe,Include_Core,Include_Supporting,Maybe
R1235,10.3390/ijerph182211765,Exclude,Maybe,Exclude,Exclude,Exclude
R0191,10.1016/j.watres.2021.117382,Exclude,Maybe,Maybe,Include_Core,Maybe
R1236,10.1016/j.scitotenv.2024.174062,Exclude,Maybe,Maybe,Include_Core,Exclude
R1290,10.2147/IDR.S336418,Maybe,Maybe,Maybe,Include_Core,Include_Core
R1286,10.1016/j.jece.2024.115217,Exclude,Maybe,Exclude,Exclude,Exclude
R1244,10.1186/s40168-023-01672-1,Exclude,Maybe,Include_Core,Include_Core,Maybe
R0136,10.1016/j.ecoenv.2025.118390,Include_Core,Maybe,Include_Core,Include_Core,Include_Core
R1241,10.1371/journal.pone.0298325,Maybe,Maybe,Include_Core,Include_Core,Include_Core
R1116,10.1016/j.biortech.2020.123264,Exclude,Maybe,Maybe,Include_Supporting,Exclude
R0224,10.1128/msphere.00741-23,Maybe,Maybe,Maybe,Include_Core,Exclude
R1330,10.3390/w16233407,Exclude,Maybe,Exclude,Include_Supporting,Exclude
R1324,10.1016/j.watres.2019.114906,Include_Supporting,Maybe,Include_Core,Include_Core,Maybe
R0116,10.1002/advs.202508389,Maybe,Maybe,Maybe,Include_Core,Maybe
R1201,10.1016/j.jhazmat.2009.07.051,Exclude,Maybe,Exclude,Exclude,Exclude
R1256,10.1016/j.cej.2022.138234,Exclude,Maybe,Exclude,Include_Supporting,Include_Supporting
R1253,10.3390/antibiotics14040341,Maybe,Maybe,Maybe,Maybe,Exclude
R0226,10.1016/j.scitotenv.2024.171401,Maybe,Maybe,Maybe,Include_Core,Maybe
R1200,10.1016/j.jwpe.2023.103810,Exclude,Maybe,Exclude,Maybe,Exclude
R1261,10.1016/j.scitotenv.2020.140530,Exclude,Maybe,Exclude,Exclude,Exclude
R1301,10.1684/ers.2023.1754,Exclude,Maybe,Exclude,Exclude,Exclude
R1098,10.1016/j.watres.2021.118011,Maybe,Maybe,Include_Supporting,Include_Supporting,Include_Supporting
R0209,10.1128/mbio.00591-22,Exclude,Maybe,Maybe,Maybe,Maybe
R1119,10.1186/s12864-015-1752-5,Exclude,Maybe,Exclude,Include_Core,Exclude
R0836,10.1016/j.scitotenv.2016.02.103,Exclude,Exclude,Maybe,Include_Supporting,Exclude
R0827,10.1016/j.envpol.2025.126682,Exclude,Exclude,Maybe,Exclude,Maybe
R0835,10.1080/10934529.2022.2072644,Exclude,Exclude,Exclude,Exclude,Exclude
R1300,10.1016/j.jhazmat.2023.132834,Exclude,Exclude,Exclude,Exclude,Exclude
R1415,10.1016/j.cej.2023.146980,Maybe,Exclude,Include_Core,Include_Supporting,Maybe
R0841,10.1016/j.biortech.2019.122513,Include_Supporting,Exclude,Include_Core,Include_Core,Include_Supporting
R1209,10.1016/j.scitotenv.2016.08.054,Exclude,Exclude,Exclude,Exclude,Exclude
R1205,10.1016/j.biortech.2016.01.080,Maybe,Exclude,Exclude,Exclude,Exclude
R0860,10.1021/acs.est.5b01031,Exclude,Exclude,Maybe,Exclude,Include_Core
R1428,10.1016/j.jwpe.2024.105291,Exclude,Exclude,Exclude,Exclude,Exclude
R0872,10.1016/j.envpol.2021.118512,Maybe,Exclude,Include_Core,Include_Core,Include_Core
R0866,10.1016/j.jes.2020.05.024,Exclude,Exclude,Exclude,Include_Supporting,Exclude
R1214,10.1016/j.ecoenv.2020.110207,Exclude,Exclude,Exclude,Exclude,Exclude
R1434,10.1007/s11356-022-19023-2,Exclude,Exclude,Exclude,Exclude,Exclude
R1340,10.1080/10807039.2016.1247254,Exclude,Exclude,Exclude,Exclude,Exclude
R1216,10.1016/j.biortech.2023.130046,Maybe,Exclude,Include_Supporting,Include_Supporting,Include_Supporting
R1272,10.1016/j.jhazmat.2020.124008,Maybe,Exclude,Include_Core,Include_Core,Include_Core
R1265,10.1016/j.scitotenv.2022.154116,Exclude,Exclude,Exclude,Include_Core,Exclude
R0746,10.1016/j.cej.2025.161102,Exclude,Exclude,Maybe,Include_Supporting,Exclude
R1258,10.1016/j.scitotenv.2023.164658,Maybe,Exclude,Maybe,Include_Core,Maybe
R0751,10.1016/j.envpol.2024.125130,Include_Supporting,Exclude,Include_Core,Include_Supporting,Include_Supporting
R1280,10.1016/j.jece.2017.12.056,Exclude,Exclude,Exclude,Exclude,Exclude
R0763,10.1021/acs.est.4c02380,Exclude,Exclude,Maybe,Exclude,Exclude
R1248,10.2166/wrd.2025.044,Exclude,Exclude,Maybe,Include_Core,Include_Supporting
R0766,10.2965/jwet.25-085,Maybe,Exclude,Include_Core,Include_Core,Maybe
R1239,10.1007/s13762-026-07148-7,Exclude,Exclude,Exclude,Exclude,Maybe
R0810,10.1186/s40066-025-00592-7,Exclude,Exclude,Exclude,Exclude,Exclude
R1441,10.1016/j.envint.2019.104982,Exclude,Exclude,Exclude,Exclude,Exclude
R0783,10.1016/j.emcon.2025.100513,Exclude,Exclude,Maybe,Include_Supporting,Maybe
R1440,10.1016/j.jhazmat.2021.125047,Exclude,Exclude,Exclude,Exclude,Exclude
R1228,10.1016/j.jwpe.2021.102328,Exclude,Exclude,Maybe,Exclude,Maybe
R1409,10.1016/j.jhazmat.2022.130110,Exclude,Exclude,Exclude,Include_Core,Exclude
R1227,10.1016/j.cej.2016.05.131,Maybe,Exclude,Maybe,Include_Supporting,Maybe
R1224,10.1016/j.scitotenv.2019.01.049,Exclude,Exclude,Exclude,Exclude,Exclude
R1222,10.1016/j.scitotenv.2018.06.016,Exclude,Exclude,Exclude,Exclude,Exclude
R1437,10.1016/j.ecolind.2020.106299,Maybe,Exclude,Maybe,Include_Core,Maybe
R0802,10.1016/j.jhazmat.2024.134128,Include_Supporting,Exclude,Include_Core,Include_Supporting,Maybe
R0808,10.1016/j.biombioe.2026.109258,Include_Supporting,Exclude,Include_Core,Include_Core,Include_Supporting
R1229,10.1016/j.envres.2021.112654,Include_Supporting,Exclude,Include_Supporting,Exclude,Include_Supporting
R0798,10.1016/j.envpol.2023.121800,Maybe,Exclude,Include_Core,Include_Core,Exclude
R0884,10.1093/femsec/fiv015,Maybe,Exclude,Include_Core,Include_Core,Include_Core
R0880,10.1111/mec.14288,Maybe,Exclude,Maybe,Include_Core,Maybe
R1377,10.1016/j.chemosphere.2011.09.048,Exclude,Exclude,Maybe,Exclude,Exclude
R1375,10.1016/j.watres.2019.115258,Exclude,Exclude,Exclude,Exclude,Include_Supporting
R1312,10.1016/j.chemosphere.2023.138507,Exclude,Exclude,Exclude,Include_Supporting,Exclude
R0982,10.1016/j.envc.2021.100094,Exclude,Exclude,Maybe,Exclude,Exclude
R1371,10.1016/j.envpol.2024.123849,Exclude,Exclude,Exclude,Exclude,Maybe
R0989,10.1128/mBio.01780-18,Maybe,Exclude,Maybe,Include_Core,Exclude
R1150,10.3390/antibiotics11070974,Exclude,Exclude,Exclude,Exclude,Exclude
R1366,10.1016/j.jenvman.2026.129228,Maybe,Exclude,Include_Core,Exclude,Maybe
R1365,10.1016/j.envpol.2023.121995,Exclude,Exclude,Maybe,Maybe,Maybe
R1141,10.1016/j.envpol.2021.118284,Include_Supporting,Exclude,Maybe,Include_Supporting,Maybe
R1364,10.1016/j.coesh.2025.100632,Exclude,Exclude,Exclude,Exclude,Exclude
R1380,10.1186/s40068-025-00430-6,Maybe,Exclude,Maybe,Include_Core,Exclude
R1140,10.1021/acs.est.9b03486,Maybe,Exclude,Maybe,Include_Core,Maybe
R1011,10.1038/s41396-020-0596-4,Exclude,Exclude,Maybe,Include_Core,Maybe
R1360,10.1016/j.jes.2022.01.038,Exclude,Exclude,Exclude,Include_Supporting,Exclude
R1357,10.1016/j.cej.2022.140082,Exclude,Exclude,Exclude,Exclude,Exclude
R1356,10.1016/j.chemosphere.2022.137040,Exclude,Exclude,Exclude,Exclude,Exclude
R1041,10.1016/j.scitotenv.2021.146110,Exclude,Exclude,Exclude,Include_Supporting,Exclude
R1326,10.3390/su6031313,Exclude,Exclude,Exclude,Exclude,Exclude
R1353,10.1016/j.jhazmat.2023.131200,Maybe,Exclude,Include_Core,Include_Core,Exclude
R1071,10.1016/j.jhazmat.2022.128443,Maybe,Exclude,Exclude,Exclude,Exclude
R1333,10.1007/s12649-024-02503-6,Exclude,Exclude,Exclude,Include_Supporting,Exclude
R1335,10.1007/s10661-024-13114-y,Maybe,Exclude,Maybe,Maybe,Exclude
R1347,10.1016/j.biteb.2024.101926,Exclude,Exclude,Exclude,Exclude,Exclude
R1134,10.1016/j.biortech.2019.121632,Maybe,Exclude,Maybe,Include_Supporting,Exclude
R0968,10.1016/j.watres.2021.117374,Maybe,Exclude,Include_Core,Include_Core,Exclude
R0962,10.1021/acs.est.1c00612,Maybe,Exclude,Exclude,Exclude,Maybe
R0961,10.1128/AEM.05307-11,Exclude,Exclude,Exclude,Include_Core,Exclude
R1303,10.1007/s11356-012-1213-5,Exclude,Exclude,Exclude,Exclude,Exclude
R0883,10.1007/s11356-015-5416-4,Exclude,Exclude,Exclude,Exclude,Exclude
R1189,10.1128/AEM.02691-14,Maybe,Exclude,Maybe,Include_Core,Maybe
R1399,10.2166/wst.2022.429,Exclude,Exclude,Exclude,Include_Core,Exclude
R1186,10.1128/AAC.00663-21,Maybe,Exclude,Maybe,Exclude,Maybe
R1182,10.1016/j.watres.2019.03.010,Maybe,Exclude,Maybe,Include_Core,Maybe
R0904,10.1039/c8em00190a,Exclude,Exclude,Maybe,Exclude,Maybe
R1396,10.1021/acsestwater.3c00753,Exclude,Exclude,Exclude,Exclude,Exclude
R1181,10.1089/ees.2019.0319,Maybe,Exclude,Include_Core,Include_Core,Exclude
R0911,10.1021/acs.est.7b04760,Include_Supporting,Exclude,Include_Core,Include_Core,Include_Supporting
R1392,10.1016/j.scitotenv.2023.162035,Maybe,Exclude,Maybe,Include_Core,Exclude
R0914,10.1016/j.scitotenv.2019.133923,Exclude,Exclude,Maybe,Include_Core,Exclude
R1306,10.1016/j.watcyc.2023.12.001,Exclude,Exclude,Exclude,Exclude,Exclude
R1308,10.1134/S2635167623700374,Exclude,Exclude,Exclude,Include_Core,Include_Supporting
R1309,10.1016/j.seppur.2023.123674,Exclude,Exclude,Exclude,Exclude,Exclude
R0933,10.1002/bit.27134,Include_Supporting,Exclude,Maybe,Include_Supporting,Include_Supporting
R1160,10.1080/09593330.2018.1505960,Include_Supporting,Exclude,Include_Core,Include_Core,Include_Supporting
R1386,10.1016/j.ijheh.2020.113449,Maybe,Exclude,Maybe,Exclude,Maybe
R1159,10.1016/j.meegid.2021.104784,Maybe,Exclude,Maybe,Exclude,Maybe
R0941,10.1016/j.watres.2019.115098,Maybe,Exclude,Maybe,Include_Core,Exclude
R0943,10.1038/ismej.2014.237,Exclude,Exclude,Maybe,Include_Core,Exclude
R0945,,Include_Core,Exclude,Include_Core,Include_Core,Maybe
R1383,10.1016/j.envint.2025.109624,Maybe,Exclude,Include_Core,Include_Core,Exclude
R1155,10.1016/j.envpol.2019.113365,Maybe,Exclude,Include_Core,Include_Core,Include_Core
R0958,10.1016/j.algal.2017.11.033,Maybe,Exclude,Maybe,Include_Supporting,Include_Supporting
R0879,10.2175/106143012X13280358613462,Exclude,Exclude,Exclude,Exclude,Maybe
R0740,10.2965/jwet.24-075,Maybe,Exclude,Maybe,Include_Core,Maybe
R1266,10.1016/j.envpol.2020.115571,Exclude,Exclude,Exclude,Exclude,Exclude
R0506,10.1128/AAC.01540-07,Exclude,Exclude,Exclude,Exclude,Maybe
R0444,10.1007/s11274-025-04323-9,Maybe,Exclude,Exclude,Exclude,Maybe
R0174,10.1080/09593330.2025.2522480,Maybe,Exclude,Maybe,Include_Core,Include_Supporting
R0165,10.1016/j.ijheh.2025.114699,Maybe,Exclude,Maybe,Include_Core,Include_Core
R0160,10.2174/2211352521666230224150318,Exclude,Exclude,Exclude,Exclude,Exclude
R0468,10.1016/j.scitotenv.2023.165672,Maybe,Exclude,Maybe,Exclude,Maybe
R0153,10.1128/spectrum.00688-25,Include_Supporting,Exclude,Maybe,Include_Core,Exclude
R0151,10.1016/j.jhazmat.2024.133536,Maybe,Exclude,Maybe,Include_Core,Maybe
R0475,10.1016/j.jhazmat.2024.136165,Maybe,Exclude,Maybe,Include_Core,Exclude
R1511,10.3390/ijerph182111046,Exclude,Exclude,Exclude,Exclude,Exclude
R0440,10.1038/srep38432,Exclude,Exclude,Maybe,Exclude,Maybe
R0477,10.1139/cjm-2016-0034,Maybe,Exclude,Maybe,Exclude,Maybe
R0481,10.1007/s11356-021-14735-3,Include_Core,Exclude,Include_Core,Include_Core,Include_Core
R0141,10.1016/j.scitotenv.2013.12.128,Include_Supporting,Exclude,Include_Core,Include_Core,Include_Supporting
R0497,10.1016/j.envres.2023.117140,Exclude,Exclude,Maybe,Exclude,Maybe
R0252,10.1016/j.jhazmat.2025.138680,Include_Supporting,Exclude,Include_Supporting,Exclude,Include_Core
R0508,10.3390/w16020195,Include_Supporting,Exclude,Include_Core,Include_Core,Include_Core
R0120,10.3390/antibiotics12121735,Exclude,Exclude,Exclude,Exclude,Maybe
R0509,10.1038/s41598-026-40805-y,Exclude,Exclude,Maybe,Exclude,Exclude
R0112,10.1016/j.ese.2024.100502,Exclude,Exclude,Exclude,Exclude,Maybe
R0103,10.1021/acs.est.3c04681,Exclude,Exclude,Maybe,Exclude,Include_Core
R0478,10.1016/j.biortech.2024.131878,Maybe,Exclude,Maybe,Include_Core,Exclude
R0082,10.1007/s10661-023-11589-9,Exclude,Exclude,Maybe,Exclude,Exclude
R0436,10.1016/j.biortech.2023.129056,Maybe,Exclude,Exclude,Exclude,Include_Supporting
R0418,10.1016/j.envint.2022.107457,Maybe,Exclude,Maybe,Include_Core,Maybe
R0292,10.3390/v17111501,Exclude,Exclude,Exclude,Exclude,Maybe
R0239,10.1016/j.scitotenv.2025.181145,Maybe,Exclude,Exclude,Include_Core,Maybe
R0233,10.1016/j.scitotenv.2024.175705,Exclude,Exclude,Maybe,Exclude,Exclude
R0223,10.1016/j.watres.2025.123887,Maybe,Exclude,Maybe,Include_Core,Maybe
R0316,10.1016/j.jhazmat.2025.140523,Maybe,Exclude,Maybe,Include_Core,Maybe
R0222,10.1128/spectrum.01489-24,Maybe,Exclude,Include_Core,Include_Core,Maybe
R0216,10.1016/j.jhazmat.2025.137785,Include_Supporting,Exclude,Include_Core,Include_Core,Include_Supporting
R0215,10.1099/jgv.0.002198,Exclude,Exclude,Exclude,Exclude,Exclude
R0338,10.1016/j.envpol.2022.118958,Exclude,Exclude,Maybe,Include_Core,Maybe
R0428,10.1016/j.scitotenv.2021.147611,Include_Supporting,Exclude,Maybe,Include_Core,Maybe
R0347,10.1016/j.jhazmat.2025.140669,Maybe,Exclude,Exclude,Exclude,Exclude
R0200,10.1016/j.watres.2019.115073,Include_Supporting,Exclude,Include_Core,Include_Core,Maybe
R0363,10.1016/j.envpol.2023.121981,Include_Supporting,Exclude,Include_Core,Include_Core,Maybe
R0382,10.3389/fmicb.2021.606409,Maybe,Exclude,Include_Core,Include_Core,Maybe
R0386,10.1139/cjm-2023-0226,Maybe,Exclude,Include_Core,Include_Core,Maybe
R0390,10.3389/fenvs.2022.825372,Maybe,Exclude,Maybe,Include_Core,Maybe
R0401,10.3390/antibiotics13060539,Maybe,Exclude,Maybe,Include_Core,Maybe
R0412,10.1021/acs.estlett.8b00329,Exclude,Exclude,Maybe,Include_Core,Maybe
R0416,10.1016/j.crmicr.2025.100408,Maybe,Exclude,Maybe,Include_Core,Maybe
R0182,10.1016/j.envpol.2025.125923,Exclude,Exclude,Maybe,Maybe,Include_Core
R0203,10.1016/j.jenvman.2021.113709,Include_Core,Exclude,Include_Core,Include_Core,Exclude
R0079,10.1016/j.envres.2025.123207,Include_Core,Exclude,Include_Core,Include_Core,Include_Core
R0251,10.1128/mSphere.00314-18,Maybe,Exclude,Maybe,Include_Core,Maybe
R0553,10.1016/j.jes.2022.10.020,Include_Supporting,Exclude,Include_Core,Include_Supporting,Maybe
R0052,10.1016/j.envpol.2022.120618,Include_Core,Exclude,Include_Core,Include_Core,Include_Core
R0581,10.1016/j.scitotenv.2023.165249,Maybe,Exclude,Maybe,Exclude,Maybe
R0050,10.1016/j.scitotenv.2019.133750,Maybe,Exclude,Maybe,Include_Core,Maybe
R0049,10.1128/AEM.00373-21,Include_Supporting,Exclude,Include_Supporting,Include_Core,Maybe
R0597,10.1016/j.etap.2023.104081,Maybe,Exclude,Exclude,Exclude,Maybe
R1460,10.1016/j.scitotenv.2021.145643,Exclude,Exclude,Exclude,Exclude,Exclude
R0614,10.1186/s12302-026-01347-2,Exclude,Exclude,Maybe,Maybe,Maybe
R0623,10.1186/s40793-025-00671-z,Maybe,Exclude,Maybe,Exclude,Exclude
R0056,10.1016/j.cej.2022.139968,Include_Supporting,Exclude,Include_Supporting,Include_Core,Maybe
R0041,10.1016/j.envint.2026.110048,Maybe,Exclude,Maybe,Include_Core,Maybe
R0648,10.3390/microorganisms11061399,Maybe,Exclude,Maybe,Include_Core,Exclude
R0032,10.1016/j.jhazmat.2026.141890,Include_Core,Exclude,Include_Core,Include_Core,Maybe
R0019,10.1016/j.jhazmat.2024.135567,Maybe,Exclude,Maybe,Exclude,Exclude
R0687,10.1016/j.hazl.2022.100056,Exclude,Exclude,Exclude,Exclude,Exclude
R0006,10.1111/1758-2229.13306,Maybe,Exclude,Maybe,Include_Core,Include_Core
R0005,10.1061/(ASCE)EE.1943-7870.0001873,Maybe,Exclude,Maybe,Include_Core,Exclude
R0702,10.1002/wer.70155,Maybe,Exclude,Maybe,Exclude,Maybe
R0704,10.1016/j.envres.2022.113356,Maybe,Exclude,Include_Core,Include_Core,Maybe
R0647,10.1016/j.jenvman.2025.124830,Maybe,Exclude,Include_Core,Include_Supporting,Exclude
R0059,10.1007/s11033-024-09362-3,Exclude,Exclude,Exclude,Exclude,Exclude
R0613,10.1016/j.jgar.2023.04.012,Maybe,Exclude,Maybe,Include_Core,Maybe
R0074,10.1016/j.scitotenv.2023.162194,Maybe,Exclude,Include_Core,Include_Core,Maybe
R0065,10.1016/j.tmaid.2025.102930,Exclude,Exclude,Exclude,Exclude,Maybe
R0566,10.1016/j.cej.2023.147137,Exclude,Exclude,Exclude,Exclude,Exclude
R0557,10.1016/j.watres.2024.122446,Exclude,Exclude,Exclude,Include_Core,Exclude
R1522,10.3389/fmicb.2024.1339469,Exclude,Exclude,Exclude,Exclude,Exclude
R0562,10.1016/j.dwt.2024.100275,Exclude,Exclude,Exclude,Include_Supporting,Exclude
R1505,10.1007/s11356-025-36253-2,Exclude,Exclude,Exclude,Exclude,Exclude
R1514,10.3390/ijerph21080983,Exclude,Exclude,Exclude,Exclude,Exclude
R1529,10.3389/fcimb.2022.946184,Exclude,Exclude,Exclude,Exclude,Exclude
R1323,10.1016/j.jes.2020.05.014,Exclude,Exclude,Exclude,Exclude,Exclude
R1504,10.3390/antibiotics14020131,Exclude,Exclude,Exclude,Exclude,Exclude
R1279,10.1016/j.micres.2022.127207,Exclude,Exclude,Exclude,Exclude,Exclude
R1530,10.1128/aem.00083-26,Exclude,Exclude,Exclude,Exclude,Maybe
R1325,10.1016/j.idnow.2024.104895,Exclude,Exclude,Exclude,Exclude,Exclude
R1296,10.1016/j.jece.2023.111408,Exclude,Exclude,Exclude,Exclude,Exclude
R1305,10.1016/j.scitotenv.2022.156317,Exclude,Exclude,Exclude,Exclude,Exclude
R1318,10.1016/j.scitotenv.2019.02.174,Exclude,Exclude,Exclude,Exclude,Include_Supporting
R1520,10.1016/j.chemosphere.2020.128177,Exclude,Exclude,Exclude,Exclude,Exclude
R1517,10.1016/j.heliyon.2020.e03899,Exclude,Exclude,Exclude,Exclude,Exclude
R1268,10.3390/antibiotics11010114,Exclude,Exclude,Exclude,Exclude,Exclude
R1334,10.1186/s12889-022-12527-z,Exclude,Exclude,Exclude,Exclude,Exclude
R1518,10.1016/j.ese.2022.100145,Exclude,Exclude,Exclude,Exclude,Exclude
R1336,10.5004/dwt.2020.26372,Exclude,Exclude,Exclude,Exclude,Exclude
R1337,10.1016/j.scitotenv.2019.07.092,Exclude,Exclude,Exclude,Exclude,Exclude
R1503,10.3390/antibiotics11060747,Exclude,Exclude,Exclude,Exclude,Exclude
R1276,10.1016/j.scitotenv.2021.151390,Exclude,Exclude,Maybe,Maybe,Maybe
R1516,10.1016/j.jhazmat.2018.07.092,Exclude,Exclude,Exclude,Exclude,Exclude
R1294,10.1016/j.psep.2021.04.045,Exclude,Exclude,Exclude,Exclude,Exclude
R1524,10.3390/antibiotics10091070,Exclude,Exclude,Exclude,Exclude,Exclude
R1523,10.1016/j.jhin.2016.01.010,Exclude,Exclude,Exclude,Exclude,Exclude
R1525,10.1016/j.imj.2024.100092,Exclude,Exclude,Exclude,Exclude,Exclude
R1310,10.1016/j.jwpe.2024.106926,Exclude,Exclude,Exclude,Exclude,Exclude
R1510,10.1007/s11356-021-17733-7,Exclude,Exclude,Exclude,Exclude,Exclude
R1512,10.1016/j.envres.2020.110664,Exclude,Exclude,Exclude,Exclude,Exclude
R1513,10.1007/s10661-020-08678-4,Exclude,Exclude,Exclude,Exclude,Exclude
R1304,10.1016/j.watres.2024.121373,Exclude,Exclude,Exclude,Exclude,Exclude
R1509,10.1016/j.jenvman.2024.122115,Exclude,Exclude,Exclude,Exclude,Exclude
R1526,10.1016/j.scitotenv.2026.181385,Exclude,Exclude,Exclude,Exclude,Maybe
R1297,10.1038/s41598-025-14953-6,Exclude,Exclude,Maybe,Exclude,Maybe
R1521,10.1016/j.scitotenv.2024.170433,Exclude,Exclude,Exclude,Exclude,Exclude
R1293,10.1016/j.jwpe.2021.101990,Exclude,Exclude,Exclude,Exclude,Exclude
R1289,10.3390/membranes11120967,Exclude,Exclude,Exclude,Exclude,Exclude
R1527,10.1002/wer.1233,Exclude,Exclude,Exclude,Exclude,Exclude
R1508,10.2174/0929867329666220802093415,Exclude,Exclude,Exclude,Exclude,Exclude
R1507,10.1016/j.watres.2020.116455,Exclude,Exclude,Exclude,Exclude,Exclude
R1283,10.1016/j.scitotenv.2022.159497,Exclude,Exclude,Exclude,Exclude,Exclude
R1528,10.1016/j.scitotenv.2020.142865,Exclude,Exclude,Exclude,Exclude,Exclude
R1506,10.2166/wh.2025.372,Exclude,Exclude,Exclude,Exclude,Exclude
R1315,10.1016/j.cej.2019.123346,Exclude,Exclude,Exclude,Exclude,Exclude
R1444,10.1016/j.envint.2017.10.016,Exclude,Exclude,Exclude,Exclude,Exclude
R1362,10.4491/eer.2024.609,Exclude,Exclude,Exclude,Exclude,Exclude
R1502,10.3390/ijerph191912853,Exclude,Exclude,Exclude,Exclude,Exclude
R1427,10.1007/s11783-019-1099-2,Maybe,Exclude,Include_Core,Include_Core,Maybe
R1426,10.2166/wh.2020.092,Exclude,Exclude,Exclude,Exclude,Exclude
R1464,10.1016/j.watres.2012.11.027,Exclude,Exclude,Exclude,Exclude,Exclude
R1465,10.1016/j.envpol.2022.119870,Exclude,Exclude,Exclude,Exclude,Include_Core
R1418,10.1016/j.biortech.2020.124181,Exclude,Exclude,Exclude,Exclude,Exclude
R1417,10.1016/j.hazadv.2025.100768,Exclude,Exclude,Exclude,Exclude,Exclude
R1466,10.1016/j.wroa.2020.100065,Exclude,Exclude,Exclude,Exclude,Exclude
R1463,10.1016/j.scitotenv.2022.155250,Exclude,Exclude,Exclude,Exclude,Exclude
R1414,10.1016/j.coche.2023.100951,Exclude,Exclude,Exclude,Exclude,Exclude
R1468,10.1016/j.scitotenv.2023.167862,Exclude,Exclude,Exclude,Exclude,Exclude
R1412,10.1016/j.jhazmat.2022.128500,Exclude,Exclude,Exclude,Exclude,Exclude
R1469,10.1080/07388551.2020.1805585,Exclude,Exclude,Exclude,Exclude,Exclude
R1471,10.1016/j.scitotenv.2013.01.032,Exclude,Exclude,Exclude,Exclude,Exclude
R1472,10.1016/j.jhazmat.2021.127495,Exclude,Exclude,Exclude,Exclude,Exclude
R1473,10.1016/j.scitotenv.2021.147448,Exclude,Exclude,Exclude,Exclude,Include_Supporting
R1474,10.1016/j.scitotenv.2023.164291,Exclude,Exclude,Exclude,Exclude,Exclude
R1467,10.1016/j.ecoenv.2013.01.016,Exclude,Exclude,Exclude,Exclude,Exclude
R1475,10.3390/microorganisms8101567,Exclude,Exclude,Exclude,Exclude,Exclude
R1462,10.1016/j.envpol.2023.123169,Exclude,Exclude,Exclude,Exclude,Include_Core
R1429,10.1016/j.jwpe.2020.101421,Exclude,Exclude,Exclude,Exclude,Exclude
R1446,10.1016/j.scitotenv.2022.156427,Exclude,Exclude,Exclude,Exclude,Exclude
R1447,10.1016/j.envpol.2023.123285,Exclude,Exclude,Exclude,Exclude,Exclude
R1443,10.1016/j.scitotenv.2021.146964,Exclude,Exclude,Exclude,Exclude,Exclude
R1448,10.1007/s00253-026-13815-z,Exclude,Exclude,Exclude,Exclude,Exclude
R1449,10.3389/fmicb.2025.1710583,Exclude,Exclude,Exclude,Exclude,Exclude
R1442,10.1016/j.envpol.2021.117402,Exclude,Exclude,Exclude,Exclude,Exclude
R1451,10.1016/j.biortech.2020.124161,Exclude,Exclude,Exclude,Exclude,Exclude
R1461,10.1002/wer.1008,Exclude,Exclude,Exclude,Exclude,Exclude
R1453,10.3389/fmicb.2023.1193907,Exclude,Exclude,Exclude,Exclude,Exclude
R1455,10.3389/fmicb.2017.02603,Exclude,Exclude,Exclude,Exclude,Exclude
R1439,10.1007/s11356-019-06482-3,Exclude,Exclude,Exclude,Exclude,Exclude
R1456,10.1016/j.scitotenv.2022.156805,Exclude,Exclude,Exclude,Exclude,Exclude
R1457,10.1016/j.chemosphere.2022.134671,Exclude,Exclude,Exclude,Exclude,Exclude
R1458,10.1016/j.biortech.2021.126197,Exclude,Exclude,Exclude,Exclude,Exclude
R1459,10.3389/fmicb.2022.1100102,Exclude,Include_Core,Exclude,Exclude,Exclude
R1432,10.1016/j.envpol.2016.08.081,Include_Supporting,Exclude,Include_Core,Include_Core,Maybe
R1454,10.1016/j.scitotenv.2019.134023,Exclude,Exclude,Exclude,Exclude,Exclude
R1341,10.1016/j.etap.2022.103995,Exclude,Exclude,Exclude,Exclude,Exclude
R1476,10.1016/j.envint.2019.105026,Exclude,Exclude,Exclude,Exclude,Exclude
R1478,10.1016/j.scitotenv.2023.164523,Exclude,Exclude,Exclude,Exclude,Exclude
R1491,10.1016/j.jes.2024.01.005,Exclude,Exclude,Exclude,Exclude,Exclude
R1493,10.1016/j.envpol.2025.126851,Exclude,Exclude,Exclude,Exclude,Exclude
R1445,10.1111/1751-7915.70084,Exclude,Exclude,Exclude,Exclude,Exclude
R1361,10.1007/s11356-017-8978-5,Exclude,Exclude,Exclude,Exclude,Exclude
R1494,10.1016/j.jhazmat.2025.137413,Exclude,Exclude,Exclude,Exclude,Include_Supporting
R1359,10.1128/AEM.02062-20,Exclude,Exclude,Exclude,Exclude,Include_Core
R1358,10.1016/j.jhazmat.2022.128397,Exclude,Exclude,Exclude,Exclude,Exclude
R1490,10.1016/j.envpol.2023.123115,Exclude,Exclude,Exclude,Exclude,Exclude
R1495,10.2196/33365,Exclude,Exclude,Exclude,Exclude,Exclude
R1498,10.1016/j.scitotenv.2023.162772,Exclude,Exclude,Exclude,Exclude,Exclude
R1354,10.1186/s12302-026-01357-0,Maybe,Exclude,Maybe,Include_Core,Maybe
R1499,10.1007/s11274-022-03334-0,Exclude,Exclude,Exclude,Exclude,Exclude
R1500,10.3390/antibiotics11070849,Exclude,Exclude,Exclude,Exclude,Exclude
R1352,10.1007/s10311-022-01522-w,Exclude,Exclude,Exclude,Exclude,Exclude
R1501,10.1016/j.scitotenv.2019.136312,Exclude,Exclude,Exclude,Exclude,Exclude
R1350,10.1111/1751-7915.13837,Exclude,Exclude,Exclude,Exclude,Include_Supporting
R1497,10.1016/j.jenvman.2026.128630,Exclude,Exclude,Exclude,Exclude,Exclude
R1477,10.3390/antibiotics13070668,Exclude,Exclude,Exclude,Exclude,Exclude
R1367,10.1371/journal.pone.0221568,Maybe,Exclude,Exclude,Exclude,Exclude
R1372,10.1016/j.chemosphere.2017.03.063,Maybe,Exclude,Maybe,Include_Core,Exclude
R1400,10.1016/j.scitotenv.2021.150212,Exclude,Exclude,Exclude,Exclude,Exclude
R1479,10.3389/fmicb.2021.717809,Exclude,Exclude,Exclude,Exclude,Exclude
R1395,10.1016/j.jece.2025.117426,Exclude,Exclude,Exclude,Exclude,Exclude
R1480,10.1016/j.watres.2017.10.007,Exclude,Exclude,Exclude,Exclude,Exclude
R1481,10.1016/j.jes.2024.10.030,Exclude,Exclude,Exclude,Exclude,Exclude
R1389,10.1016/j.biortech.2018.01.035,Exclude,Exclude,Maybe,Include_Core,Maybe
R1482,10.1007/s12223-023-01083-7,Exclude,Exclude,Exclude,Exclude,Exclude
R1489,10.1016/j.biortech.2020.123228,Exclude,Exclude,Exclude,Exclude,Exclude
R1483,10.1007/s11356-024-33844-3,Exclude,Exclude,Exclude,Exclude,Exclude
R1484,10.3390/ijms27073255,Exclude,Exclude,Exclude,Exclude,Exclude
R1485,10.1016/j.scitotenv.2020.140997,Exclude,Exclude,Exclude,Exclude,Exclude
R1486,10.3390/life14091065,Exclude,Exclude,Exclude,Exclude,Exclude
R1384,10.1007/s11356-013-1594-0,Exclude,Exclude,Exclude,Exclude,Exclude
R1487,10.1016/j.envres.2021.112373,Exclude,Exclude,Exclude,Exclude,Exclude
R1381,10.3390/ijerph19031636,Exclude,Exclude,Exclude,Exclude,Exclude
R1488,10.1016/j.scitotenv.2018.08.130,Exclude,Exclude,Exclude,Exclude,Exclude
R1388,10.1016/j.jclepro.2021.129719,Exclude,Exclude,Exclude,Exclude,Maybe
R0001,10.1016/j.chemosphere.2020.126064,Exclude,Exclude,Exclude,Exclude,Exclude
R1022,10.2134/jeq2017.12.0493,Exclude,Exclude,Exclude,Exclude,Maybe
R1262,10.3389/fmicb.2018.03191,Exclude,Exclude,Exclude,Exclude,Maybe
R0839,10.1016/j.envres.2021.110730,Maybe,Exclude,Maybe,Exclude,Maybe
R0845,10.1038/s41564-020-00794-8,Maybe,Exclude,Maybe,Include_Core,Maybe
R0848,10.1016/j.ibiod.2019.01.009,Exclude,Exclude,Include_Core,Include_Core,Maybe
R0850,10.1016/j.cclet.2020.04.057,Exclude,Exclude,Exclude,Exclude,Exclude
R0513,10.1016/j.watres.2022.119433,Exclude,Exclude,Maybe,Exclude,Exclude
R0493,10.1073/pnas.2403866122,Exclude,Exclude,Exclude,Exclude,Maybe
R0863,10.3390/ijerph17238866,Exclude,Exclude,Exclude,Exclude,Exclude
R0877,10.1021/es501098g,Maybe,Exclude,Include_Core,Include_Core,Include_Supporting
R0473,10.1016/j.compbiomed.2023.107629,Exclude,Exclude,Exclude,Exclude,Maybe
R0471,10.1016/j.watres.2023.120682,Exclude,Exclude,Maybe,Exclude,Maybe
R0890,10.4491/eer.2019.405,Exclude,Exclude,Exclude,Exclude,Exclude
R0894,10.1007/s00203-020-02093-6,Exclude,Include_Core,Exclude,Exclude,Exclude
R0908,10.1007/s11356-021-17115-z,Maybe,Exclude,Maybe,Exclude,Exclude
R0454,10.1016/j.watres.2018.01.063,Maybe,Exclude,Exclude,Exclude,Maybe
R0447,10.1016/j.watres.2023.121030,Maybe,Exclude,Maybe,Include_Core,Exclude
R0923,10.5812/jjm.29384,Exclude,Exclude,Exclude,Exclude,Maybe
R0936,10.1016/j.watres.2019.04.031,Maybe,Include_Core,Include_Core,Include_Core,Maybe
R0398,10.1128/AEM.02305-16,Exclude,Exclude,Exclude,Exclude,Maybe
R0953,10.1128/AEM.01682-17,Exclude,Exclude,Exclude,Exclude,Maybe
R0362,10.3390/su14031776,Exclude,Exclude,Exclude,Exclude,Maybe
R0350,10.1002/lno.12630,Maybe,Exclude,Maybe,Exclude,Exclude
R0977,10.1016/j.jes.2018.09.004,Exclude,Exclude,Exclude,Exclude,Maybe
R0985,10.1007/698-2015-361,Exclude,Exclude,Exclude,Exclude,Exclude
R0321,10.1016/j.jhazmat.2023.130778,Include_Supporting,Exclude,Include_Supporting,Include_Supporting,Include_Core
R0317,10.1016/j.envint.2015.04.005,Exclude,Exclude,Maybe,Exclude,Maybe
R0526,10.1016/j.scitotenv.2024.173288,Maybe,Exclude,Maybe,Include_Core,Maybe
R1003,10.1016/j.watres.2018.12.034,Maybe,Exclude,Include_Supporting,Include_Supporting,Maybe
R0826,10.1007/s11356-023-31269-y,Exclude,Exclude,Maybe,Exclude,Maybe
R0536,10.1016/j.chemosphere.2022.135148,Exclude,Exclude,Exclude,Exclude,Exclude
R0629,10.3390/w17121792,Exclude,Exclude,Exclude,Exclude,Exclude
R0568,10.1016/j.envint.2023.108374,Maybe,Exclude,Maybe,Exclude,Maybe
R0567,10.1016/j.jece.2024.114227,Maybe,Exclude,Exclude,Exclude,Exclude
R0642,10.1016/j.scitotenv.2025.181049,Maybe,Exclude,Exclude,Exclude,Maybe
R0563,10.1021/acs.est.3c06571,Exclude,Exclude,Maybe,Exclude,Include_Supporting
R0664,10.1016/j.watres.2025.123259,Exclude,Exclude,Exclude,Exclude,Exclude
R0666,10.1016/j.biteb.2023.101389,Exclude,Exclude,Exclude,Include_Supporting,Include_Core
R0667,10.1016/j.jhazmat.2024.135197,Include_Supporting,Include_Core,Include_Core,Include_Supporting,Maybe
R0676,10.1016/j.psep.2026.108521,Include_Supporting,Include_Core,Include_Core,Include_Core,Exclude
R0678,10.3389/fmicb.2023.1223838,Exclude,Exclude,Exclude,Exclude,Exclude
R0689,10.1016/j.watres.2024.121244,Maybe,Exclude,Maybe,Include_Core,Maybe
R0695,10.1016/j.jenvman.2024.122644,Include_Supporting,Exclude,Include_Core,Include_Supporting,Maybe
R0561,10.1016/j.envres.2022.114212,Exclude,Exclude,Exclude,Exclude,Exclude
R0741,10.1016/j.biortech.2023.129388,Exclude,Exclude,Exclude,Exclude,Include_Supporting
R0759,10.1016/j.cej.2026.175605,Maybe,Exclude,Maybe,Include_Supporting,Include_Supporting
R0767,10.1016/j.envres.2025.122426,Include_Supporting,Exclude,Include_Supporting,Include_Supporting,Maybe
R0774,10.1016/j.jhazmat.2024.135790,Exclude,Exclude,Exclude,Exclude,Maybe
R0787,10.1016/j.rsma.2026.104842,Exclude,Exclude,Exclude,Exclude,Exclude
R0560,10.1016/j.ecoenv.2025.119241,Exclude,Exclude,Exclude,Exclude,Exclude
R0552,10.1016/j.ijfoodmicro.2024.110615,Exclude,Exclude,Exclude,Exclude,Exclude
R0801,10.1016/j.seppur.2025.136047,Exclude,Exclude,Exclude,Exclude,Exclude
R0550,10.11144/Javeriana.iyu26.twtp,Exclude,Exclude,Exclude,Exclude,Exclude
R0548,10.1007/s11356-023-29492-8,Maybe,Exclude,Maybe,Exclude,Maybe
R0811,10.1186/s40068-024-00347-6,Maybe,Exclude,Maybe,Exclude,Maybe
R1264,10.1016/j.envint.2021.107047,Exclude,Exclude,Exclude,Exclude,Exclude
R0531,10.1016/j.envpol.2023.122661,Maybe,Exclude,Maybe,Include_Core,Maybe
R1008,10.3390/app11156670,Exclude,Exclude,Exclude,Exclude,Exclude
R0329,10.1093/femsec/fiy079,Exclude,Exclude,Maybe,Include_Core,Maybe
R1014,10.1016/j.cej.2019.123674,Include_Supporting,Exclude,Include_Supporting,Include_Supporting,Include_Core
R1121,10.17159/wsa/2019.v45.i4.7540,Exclude,Exclude,Exclude,Exclude,Exclude
R0300,10.1016/j.ijfoodmicro.2025.111449,Exclude,Exclude,Exclude,Exclude,Maybe
R1133,10.1007/s11356-018-2913-2,Include_Core,Exclude,Include_Core,Include_Core,Include_Supporting
R1143,10.1016/j.envpol.2016.10.074,Maybe,Exclude,Maybe,Exclude,Maybe
R0100,10.3390/genes15091213,Exclude,Exclude,Exclude,Exclude,Maybe
R1148,10.1007/698-2015-359,Exclude,Exclude,Exclude,Include_Core,Exclude
R1151,10.4103/ijmm.IJMM_17_105,Exclude,Exclude,Exclude,Exclude,Exclude
R1153,10.3389/fmicb.2012.00307,Exclude,Exclude,Exclude,Exclude,Exclude
R1165,10.1080/10643389.2019.1692611,Exclude,Exclude,Exclude,Exclude,Exclude
R1171,10.1016/j.jes.2019.04.004,Maybe,Exclude,Include_Core,Include_Core,Include_Core
R1175,10.7717/peerj.4989,Exclude,Exclude,Maybe,Exclude,Maybe
R1192,10.1016/j.scitotenv.2021.151011,Exclude,Exclude,Exclude,Exclude,Exclude
R1194,10.1016/j.scitotenv.2021.145113,Exclude,Exclude,Exclude,Exclude,Maybe
R1197,10.1016/j.jece.2024.113625,Exclude,Exclude,Exclude,Exclude,Exclude
R0073,10.1016/j.scitotenv.2018.01.148,Maybe,Exclude,Maybe,Include_Core,Include_Core
R1213,10.2134/jeq2018.12.0431,Exclude,Exclude,Maybe,Exclude,Maybe
R0071,10.1016/j.chemosphere.2025.144109,Include_Supporting,Exclude,Include_Supporting,Include_Supporting,Include_Supporting
R1219,10.1007/s40726-017-0048-6,Exclude,Exclude,Exclude,Exclude,Exclude
R1220,10.1016/j.scitotenv.2019.05.063,Exclude,Exclude,Exclude,Exclude,Maybe
R1221,10.1016/j.scitotenv.2019.07.230,Exclude,Exclude,Exclude,Exclude,Maybe
R0070,10.1016/j.biteb.2020.100511,Maybe,Exclude,Include_Core,Include_Core,Include_Core
R1238,10.1016/j.jwpe.2023.103535,Exclude,Exclude,Exclude,Exclude,Exclude
R0062,10.1016/j.jhazmat.2020.122820,Maybe,Exclude,Maybe,Exclude,Maybe
R0047,10.1016/j.envpol.2024.124482,Include_Supporting,Exclude,Maybe,Exclude,Include_Core
R0045,10.1089/mdr.2018.0311,Exclude,Exclude,Exclude,Exclude,Maybe
R1251,10.1016/j.scitotenv.2021.147869,Exclude,Exclude,Exclude,Include_Supporting,Include_Supporting
R1260,10.1016/j.jenvman.2023.118639,Exclude,Exclude,Exclude,Exclude,Exclude
R1115,10.1074/jbc.M806833200,Exclude,Exclude,Exclude,Exclude,Exclude
R0113,10.1016/j.watres.2020.115721,Exclude,Exclude,Exclude,Exclude,Include_Core
R0593,10.1007/s11270-024-07326-8,Exclude,Exclude,Exclude,Exclude,Exclude
R0135,10.1016/j.envres.2024.119808,Exclude,Exclude,Maybe,Include_Core,Maybe
R0294,10.3389/fmicb.2022.989085,Exclude,Exclude,Exclude,Exclude,Include_Supporting
R0293,10.1007/s10661-025-14745-5,Include_Core,Exclude,Include_Core,Include_Core,Include_Core
R0273,10.1021/acs.est.3c02593,Maybe,Exclude,Exclude,Include_Core,Maybe
R0240,10.3390/ma14185428,Include_Core,Exclude,Include_Core,Include_Core,Include_Supporting
R0195,10.1016/j.jece.2020.104393,Exclude,Exclude,Exclude,Exclude,Exclude
R0193,10.1016/j.jhazmat.2026.141641,Maybe,Exclude,Maybe,Include_Core,Include_Core
R1053,10.1016/j.scitotenv.2018.06.083,Maybe,Exclude,Include_Core,Include_Core,Include_Supporting
R0188,10.1016/j.scitotenv.2019.06.533,Include_Core,Exclude,Include_Core,Include_Core,Include_Core
R1084,10.3390/fermentation3030039,Exclude,Exclude,Exclude,Exclude,Exclude
R1086,10.1007/s11270-017-3460-z,Exclude,Exclude,Exclude,Exclude,Exclude
R1072,10.2175/106143016X14696400495811,Exclude,Exclude,Exclude,Exclude,Exclude
R1089,10.1016/j.scitotenv.2019.02.043,Maybe,Exclude,Include_Core,Include_Core,Exclude
R0163,10.1016/j.scitotenv.2022.153570,Maybe,Exclude,Maybe,Include_Core,Maybe
R1106,10.1080/10643389.2019.1579629,Exclude,Exclude,Exclude,Exclude,Exclude
R1103,10.2175/106143014xi4031280667291,Exclude,Exclude,Exclude,Exclude,Exclude
R0147,10.2166/wh.2021.151,Exclude,Exclude,Exclude,Include_Core,Maybe
R0091,10.1016/j.envpol.2023.122188,Include_Supporting,Include_Supporting,Maybe,Include_Supporting,Maybe
R0573,10.1016/j.biortech.2024.131704,Exclude,Exclude,Maybe,Include_Supporting,Exclude
R0023,10.1016/j.jhazmat.2023.132788,Maybe,Include_Supporting,Include_Supporting,Include_Supporting,Maybe
R0024,10.1016/j.cej.2020.128038,Include_Supporting,Include_Supporting,Include_Supporting,Include_Supporting,Include_Supporting
R0488,10.2166/wh.2021.171,Include_Supporting,Include_Supporting,Include_Supporting,Include_Supporting,Maybe
R0034,10.1038/s41467-024-49742-8,Include_Supporting,Include_Supporting,Include_Supporting,Include_Supporting,Include_Supporting
R0482,10.2166/wst.2021.088,Include_Supporting,Include_Supporting,Include_Supporting,Include_Supporting,Include_Supporting
R0109,10.1039/d3ew00591g,Maybe,Include_Supporting,Include_Supporting,Include_Supporting,Maybe
R0576,10.1016/j.cej.2025.159784,Maybe,Include_Supporting,Include_Supporting,Include_Supporting,Maybe
R0204,10.1016/j.scitotenv.2023.167544,Maybe,Exclude,Include_Supporting,Include_Supporting,Include_Supporting
R0356,10.1016/j.biortech.2020.122984,Maybe,Exclude,Maybe,Include_Supporting,Exclude
R0375,10.1111/lam.12842,Exclude,Exclude,Include_Core,Include_Core,Exclude
R0148,10.1021/acsestengg.1c00011,Maybe,Include_Supporting,Include_Supporting,Include_Supporting,Exclude
R0460,10.1186/s12866-025-04610-3,Exclude,Include_Supporting,Include_Core,Include_Core,Maybe
R0417,10.1021/acs.est.3c07974,Include_Supporting,Exclude,Include_Supporting,Include_Supporting,Include_Core
R0510,10.1016/j.jwpe.2024.105951,Include_Supporting,Include_Supporting,Include_Supporting,Include_Core,Include_Supporting
R0187,10.1016/j.eti.2024.103862,Include_Supporting,Include_Supporting,Include_Supporting,Include_Supporting,Include_Supporting
R0076,10.1016/j.cej.2026.175762,Include_Supporting,Include_Supporting,Include_Supporting,Include_Supporting,Include_Supporting
R0176,10.1016/j.scitotenv.2022.159024,Include_Supporting,Include_Supporting,Include_Supporting,Include_Supporting,Maybe
R0457,10.1016/j.jenvman.2021.112204,Include_Supporting,Exclude,Include_Supporting,Include_Supporting,Include_Supporting
R0544,10.1016/j.scitotenv.2022.158330,Maybe,Include_Supporting,Include_Supporting,Include_Supporting,Maybe
R0525,10.1016/j.cej.2024.152046,Maybe,Include_Supporting,Include_Supporting,Include_Supporting,Include_Supporting
R1431,10.1016/j.procbio.2022.02.026,Exclude,Include_Supporting,Exclude,Include_Supporting,Exclude
R0608,10.1039/d5ew00456j,Include_Core,Include_Supporting,Include_Supporting,Include_Supporting,Include_Supporting
R0598,10.1016/j.cej.2024.154241,Include_Supporting,Include_Supporting,Include_Supporting,Include_Supporting,Maybe
R1021,10.3390/antibiotics11050630,Include_Supporting,Exclude,Include_Supporting,Include_Supporting,Include_Core
R1023,10.2166/wh.2013.257,Exclude,Include_Supporting,Maybe,Include_Core,Include_Core
R1032,10.1021/acs.est.6b04855,Include_Supporting,Include_Supporting,Include_Supporting,Include_Core,Exclude
R1034,10.1016/j.jhazmat.2022.128502,Maybe,Include_Supporting,Include_Supporting,Include_Supporting,Include_Supporting
R1037,10.1016/j.watres.2012.09.044,Maybe,Include_Supporting,Include_Supporting,Include_Supporting,Include_Supporting
R1355,10.5004/dwt.2022.29058,Exclude,Exclude,Exclude,Exclude,Exclude
R1070,10.2175/106143012X13373575831394,Include_Supporting,Include_Supporting,Include_Supporting,Include_Supporting,Include_Supporting
R1078,10.1016/j.envint.2020.105987,Exclude,Exclude,Exclude,Include_Supporting,Exclude
R1345,10.1002/bit.26887,Exclude,Exclude,Exclude,Include_Supporting,Maybe
R1097,10.1016/j.jhazmat.2020.123049,Maybe,Exclude,Include_Supporting,Include_Supporting,Maybe
R1099,10.1016/j.watres.2020.116157,Include_Supporting,Include_Supporting,Include_Supporting,Include_Supporting,Include_Supporting
R1104,10.1016/j.envres.2021.111007,Maybe,Include_Supporting,Maybe,Include_Supporting,Include_Supporting
R0997,10.1016/j.scitotenv.2021.150822,Include_Core,Include_Supporting,Include_Supporting,Include_Supporting,Include_Supporting
R1107,10.1016/j.watres.2022.118374,Include_Supporting,Include_Supporting,Include_Core,Include_Supporting,Include_Supporting
R1127,10.1016/j.jes.2020.02.023,Include_Supporting,Include_Supporting,Include_Supporting,Include_Supporting,Maybe
R1317,10.3390/w14162476,Exclude,Exclude,Exclude,Exclude,Exclude
R1162,10.1016/j.jtice.2019.10.004,Maybe,Include_Supporting,Include_Supporting,Include_Supporting,Include_Supporting
R1173,10.1016/j.jece.2021.106925,Exclude,Include_Supporting,Include_Supporting,Include_Supporting,Exclude
R1203,10.1016/j.biortech.2018.02.079,Exclude,Exclude,Exclude,Exclude,Exclude
R1215,10.1016/j.jhazmat.2016.06.006,Exclude,Exclude,Exclude,Exclude,Exclude
R1291,10.7717/peerj.7455,Maybe,Include_Supporting,Include_Supporting,Include_Supporting,Exclude
R1242,10.1016/j.jwpe.2025.108097,Include_Supporting,Include_Supporting,Include_Supporting,Include_Supporting,Include_Supporting
R1243,10.1007/s10123-023-00452-z,Exclude,Include_Supporting,Exclude,Include_Supporting,Maybe
R1245,10.1016/j.jece.2025.119976,Maybe,Include_Supporting,Include_Supporting,Include_Supporting,Maybe
R1255,10.3390/pathogens8040175,Exclude,Exclude,Maybe,Exclude,Include_Core
R1274,10.1007/s11356-018-1221-1,Exclude,Exclude,Exclude,Exclude,Maybe
R1273,10.1007/s00253-019-10177-7,Maybe,Exclude,Exclude,Exclude,Include_Core
R1114,10.3390/w9070547,Maybe,Include_Supporting,Include_Supporting,Include_Supporting,Include_Core
R0991,10.1016/j.jhazmat.2021.126527,Include_Supporting,Include_Supporting,Include_Supporting,Include_Supporting,Include_Supporting
R1010,10.1016/j.scitotenv.2021.146364,Include_Supporting,Include_Supporting,Include_Supporting,Include_Supporting,Exclude
R0975,10.1080/09593330.2021.1946160,Include_Supporting,Include_Supporting,Maybe,Include_Supporting,Exclude
R0638,10.1016/j.chemosphere.2022.137254,Exclude,Include_Supporting,Include_Supporting,Include_Supporting,Maybe
R0641,10.1016/j.jhazmat.2024.136385,Exclude,Exclude,Exclude,Exclude,Include_Supporting
R0649,10.1016/j.envres.2025.123042,Include_Supporting,Include_Supporting,Include_Supporting,Include_Supporting,Maybe
R0734,10.1016/j.jhazmat.2022.129411,Maybe,Include_Supporting,Include_Supporting,Include_Supporting,Include_Supporting
R0791,10.1016/j.envpol.2023.123283,Maybe,Include_Supporting,Include_Core,Include_Core,Include_Core
R1438,10.1016/j.scitotenv.2023.167618,Maybe,Include_Supporting,Include_Supporting,Include_Supporting,Maybe
R0804,10.2166/wrd.2022.018,Include_Core,Exclude,Include_Supporting,Include_Supporting,Include_Core
R1435,10.1016/j.scitotenv.2016.07.014,Maybe,Include_Supporting,Include_Supporting,Include_Supporting,Include_Supporting
R0814,10.1021/acsestwater.3c00613,Exclude,Exclude,Exclude,Exclude,Maybe
R1430,10.3390/molecules25040834,Exclude,Exclude,Exclude,Exclude,Include_Supporting
R0819,10.1016/j.biortech.2025.133054,Include_Core,Include_Supporting,Include_Core,Include_Core,Include_Supporting
R0837,10.1111/jam.13480,Include_Supporting,Include_Supporting,Include_Supporting,Include_Supporting,Include_Supporting
R1419,10.1021/acs.est.9b00798,Maybe,Include_Supporting,Include_Core,Include_Supporting,Include_Core
R0981,10.1016/j.cej.2021.131677,Maybe,Include_Supporting,Maybe,Include_Supporting,Exclude
R0854,10.1039/d0ew00270d,Maybe,Exclude,Exclude,Exclude,Exclude
R0851,10.1016/j.watres.2021.117141,Maybe,Include_Supporting,Include_Supporting,Include_Supporting,Include_Supporting
R0859,10.1016/j.scitotenv.2018.09.187,Exclude,Exclude,Exclude,Exclude,Exclude
R0875,10.1016/j.watres.2022.118434,Maybe,Include_Supporting,Include_Supporting,Include_Supporting,Maybe
R0888,10.1016/j.chemosphere.2019.03.004,Include_Supporting,Include_Supporting,Include_Supporting,Include_Supporting,Exclude
R1407,10.1016/j.chemosphere.2018.01.118,Exclude,Exclude,Exclude,Exclude,Exclude
R1403,10.1080/09593330.2017.1380714,Exclude,Exclude,Exclude,Include_Supporting,Exclude
R0900,10.1016/j.scitotenv.2014.02.095,Maybe,Exclude,Exclude,Include_Supporting,Exclude
R0910,10.1016/j.envint.2019.105156,Include_Supporting,Include_Supporting,Include_Supporting,Include_Supporting,Include_Core
R0912,10.1016/j.chemosphere.2017.01.134,Maybe,Include_Supporting,Include_Supporting,Include_Supporting,Include_Supporting
R0938,10.1016/j.scitotenv.2021.145152,Include_Supporting,Include_Supporting,Include_Core,Include_Core,Exclude
R1378,10.1016/j.chemosphere.2023.137820,Exclude,Exclude,Exclude,Exclude,Exclude
R0948,10.1016/j.biortech.2016.07.036,Maybe,Exclude,Exclude,Exclude,Include_Supporting
R0973,10.2174/1389201020666190207095556,Maybe,Include_Supporting,Maybe,Include_Supporting,Exclude
R0959,10.3390/bioengineering9040134,Exclude,Exclude,Exclude,Exclude,Exclude
R0115,,Include_Core,Include_Core,Include_Core,Include_Core,Include_Core
R0051,10.1016/j.envres.2020.110487,Include_Core,Include_Core,Include_Core,Include_Core,Include_Core
R0857,,Include_Core,Include_Core,Include_Core,Include_Core,Include_Core
R0711,10.1016/j.jhazmat.2022.129721,Exclude,Exclude,Exclude,Include_Supporting,Include_Supporting
R1327,10.1016/j.scitotenv.2017.05.204,Exclude,Exclude,Exclude,Exclude,Include_Supporting
R0834,10.1021/es4024749,Include_Supporting,Exclude,Include_Supporting,Include_Supporting,Include_Core
R0110,10.1016/j.watres.2018.06.014,Include_Supporting,Exclude,Include_Supporting,Include_Supporting,Include_Core
R1223,10.1016/j.envpol.2019.03.111,Include_Supporting,Exclude,Include_Supporting,Include_Supporting,Exclude
R0025,10.1016/j.scitotenv.2020.144526,Maybe,Include_Core,Maybe,Include_Core,Maybe
R0037,10.1128/mra.01242-23,Maybe,Include_Core,Maybe,Include_Core,Maybe
R0040,10.1016/j.ecoenv.2025.118991,Include_Core,Include_Core,Include_Core,Include_Core,Maybe
R0044,10.3390/su132011131,Include_Core,Include_Core,Include_Core,Include_Core,Include_Core
R0053,10.1016/j.watres.2020.115603,Include_Core,Include_Core,Include_Core,Include_Core,Include_Core
R0140,10.1016/j.jece.2023.109937,Include_Supporting,Include_Core,Include_Core,Include_Core,Include_Core
R0144,10.2166/wh.2025.162,Maybe,Include_Core,Include_Core,Include_Core,Maybe
R0152,10.3390/ijerph20043593,Include_Core,Include_Core,Include_Core,Include_Core,Include_Core
R0164,10.1007/s00253-016-7959-9,Maybe,Include_Core,Include_Core,Include_Core,Include_Core
R0177,10.1016/j.scitotenv.2025.179208,Include_Supporting,Include_Core,Include_Supporting,Include_Supporting,Include_Supporting
R0217,10.1016/j.watres.2023.119953,Include_Supporting,Include_Core,Include_Core,Include_Core,Include_Supporting
R0299,10.1016/j.envpol.2017.12.001,Maybe,Include_Core,Include_Core,Include_Core,Include_Core
R0327,10.1038/s41598-025-27081-y,Include_Core,Include_Core,Include_Core,Include_Core,Include_Core
R0333,10.1186/s13756-022-01156-1,Maybe,Include_Core,Include_Core,Include_Core,Maybe
R0348,10.1016/j.watres.2025.123627,Maybe,Include_Core,Maybe,Include_Core,Include_Core
R0366,10.1016/j.jhazmat.2021.126387,Include_Core,Include_Core,Include_Core,Include_Core,Include_Core
R0407,10.1016/j.scitotenv.2022.156426,Include_Core,Include_Core,Include_Core,Include_Core,Maybe
R0518,10.1016/j.wroa.2022.100152,Exclude,Include_Supporting,Exclude,Include_Core,Exclude
R0549,10.1016/j.jhazmat.2024.135604,Include_Supporting,Include_Core,Include_Core,Include_Core,Maybe
R0554,10.3389/fenvc.2026.1762724,Include_Supporting,Include_Supporting,Include_Supporting,Include_Core,Exclude
R0615,10.1016/j.jece.2025.118642,Include_Supporting,Include_Supporting,Include_Supporting,Include_Supporting,Include_Supporting
R0645,10.1016/j.scitotenv.2023.163407,Include_Core,Include_Supporting,Include_Supporting,Include_Supporting,Include_Supporting
R0662,10.1016/j.scitotenv.2022.159376,Maybe,Include_Core,Include_Core,Include_Core,Include_Core
R0674,10.1007/s11356-023-28744-x,Include_Supporting,Include_Core,Include_Core,Include_Core,Maybe
R0727,10.1016/j.watres.2023.120747,Include_Core,Include_Supporting,Include_Supporting,Include_Supporting,Include_Supporting
R0807,10.1016/j.ijheh.2024.114517,Maybe,Include_Core,Include_Supporting,Include_Supporting,Exclude
R0882,10.1099/mic.0.27317-0,Maybe,Include_Core,Include_Core,Include_Core,Maybe
R0897,10.1016/j.jbiotec.2008.03.020,Maybe,Include_Core,Include_Core,Include_Core,Maybe
R0916,10.1016/j.scitotenv.2019.135861,Maybe,Include_Core,Maybe,Include_Core,Maybe
R0971,10.1016/j.scitotenv.2018.03.083,Include_Supporting,Include_Core,Include_Core,Include_Core,Exclude
R0993,10.1016/j.ecoenv.2020.111371,Include_Core,Include_Core,Include_Core,Include_Core,Exclude
R1051,10.1016/j.seppur.2020.116946,Include_Supporting,Include_Core,Include_Core,Include_Core,Include_Supporting
R1065,10.1016/j.watres.2021.116979,Include_Supporting,Include_Core,Include_Supporting,Include_Supporting,Include_Supporting
R1067,10.1016/j.envpol.2016.10.062,Include_Core,Include_Core,Include_Core,Include_Core,Include_Core
R1122,10.1021/acs.est.6b02640,Include_Core,Include_Core,Include_Core,Include_Core,Include_Supporting
R1144,10.1016/j.watres.2020.116194,Include_Supporting,Include_Supporting,Include_Supporting,Include_Supporting,Include_Supporting
R1191,10.1007/s00253-015-7043-x,Include_Core,Include_Supporting,Include_Supporting,Include_Supporting,Include_Supporting
R1199,10.3390/microorganisms13112507,Exclude,Include_Core,Exclude,Include_Core,Include_Core
R1204,10.1016/j.scitotenv.2017.06.153,Maybe,Include_Core,Include_Core,Include_Core,Maybe
R1212,10.1016/j.ijheh.2019.10.006,Maybe,Include_Core,Include_Core,Include_Core,Maybe
R1270,10.1007/s11356-018-2459-3,Exclude,Include_Core,Exclude,Exclude,Exclude
R1278,10.1371/journal.pone.0252691,Maybe,Include_Core,Include_Core,Include_Core,Maybe
R1282,10.1016/j.envpol.2017.09.089,Exclude,Include_Core,Maybe,Include_Core,Include_Supporting
R1288,10.1021/acs.est.7b05619,Exclude,Include_Core,Exclude,Exclude,Exclude
R1298,10.1016/j.envint.2021.106436,Exclude,Include_Core,Maybe,Include_Core,Include_Core
R1332,10.1061/(ASCE)EE.1943-7870.0001571,Exclude,Include_Supporting,Exclude,Include_Supporting,Exclude
R1368,10.1038/s44259-025-00151-x,Include_Core,Include_Core,Include_Core,Include_Core,Maybe
R0937,10.1016/j.watres.2011.03.002,Include_Supporting,Include_Core,Include_Supporting,Include_Core,Maybe
R0682,10.1016/j.jece.2023.109717,Include_Supporting,Include_Core,Include_Core,Include_Core,Include_Supporting
R0413,10.1007/s11356-018-1598-x,Include_Supporting,Include_Core,Include_Core,Include_Core,Include_Core
R0838,10.1016/j.envres.2020.109179,Include_Core,Include_Core,Include_Core,Include_Core,Include_Core
R0249,10.1016/j.watres.2025.125285,Include_Core,Include_Core,Include_Core,Include_Core,Maybe
R1066,10.1016/j.scitotenv.2015.05.046,Include_Core,Include_Core,Include_Core,Include_Core,Include_Core
R1402,10.1016/j.chemosphere.2014.02.040,Include_Core,Include_Core,Include_Core,Include_Core,Include_Core
R0130,10.1016/j.envint.2025.109611,Include_Supporting,Include_Core,Include_Core,Include_Core,Maybe
R0372,,Include_Supporting,Include_Core,Include_Core,Include_Core,Include_Supporting
R1329,10.1016/j.chemosphere.2022.135996,Exclude,Include_Core,Exclude,Include_Core,Exclude
R1196,,Include_Core,Include_Core,Include_Core,Include_Core,Include_Core
R0207,10.3389/fgene.2023.1334646,Include_Core,Include_Core,Include_Core,Include_Core,Maybe
R0378,10.1016/j.ibiod.2023.105596,Include_Core,Include_Core,Include_Core,Include_Core,Include_Core
R0309,10.1186/s12864-024-10906-x,Maybe,Include_Core,Maybe,Include_Core,Include_Core
R0046,10.1111/1462-2920.70103,Maybe,Include_Core,Maybe,Include_Core,Maybe
R0556,10.1016/j.jhazmat.2025.139154,Include_Core,Include_Core,Include_Core,Include_Core,Include_Supporting
R0353,10.13227/j.hjkx.201903196,Include_Core,Include_Core,Include_Core,Include_Core,Include_Core
R0370,10.1021/acsestwater.4c01213,Include_Supporting,Include_Core,Include_Core,Include_Supporting,Include_Supporting
R1277,10.1016/j.envres.2022.113741,Maybe,Include_Core,Include_Core,Include_Core,Include_Core
R0815,10.1002/jctb.7329,Include_Supporting,Include_Core,Include_Core,Include_Core,Exclude
R0722,10.1016/j.jiph.2023.05.029,Maybe,Include_Core,Include_Core,Include_Core,Maybe
R0098,10.1016/j.jece.2022.109216,Include_Core,Include_Core,Include_Core,Include_Core,Include_Core
R0303,10.1093/FEMSEC/FIY038,Include_Core,Include_Core,Include_Core,Include_Core,Include_Core
R1009,10.1016/j.jclepro.2021.129632,Include_Core,Include_Core,Include_Core,Include_Core,Include_Core
R0341,10.1016/j.heliyon.2024.e38723,Include_Core,Include_Core,Include_Core,Include_Core,Include_Core
R0669,10.1038/s44221-024-00289-4,Include_Supporting,Include_Core,Include_Core,Include_Core,Include_Supporting
R0167,10.1038/s41598-021-88335-z,Include_Core,Include_Core,Include_Core,Include_Core,Include_Core
R0760,10.1016/j.jhazmat.2023.133347,Include_Supporting,Include_Core,Include_Core,Include_Supporting,Include_Supporting
R1131,10.1016/j.watres.2019.03.079,Include_Supporting,Include_Core,Include_Core,Include_Core,Include_Supporting
R0490,10.1016/j.watres.2020.115827,Include_Core,Include_Core,Include_Core,Include_Core,Maybe
R0559,10.3390/app15095158,Include_Core,Include_Core,Include_Core,Include_Core,Include_Supporting
R0512,10.1038/s41396-023-01460-7,Maybe,Include_Core,Include_Core,Include_Core,Maybe
R0210,10.1038/s41598-024-76773-4,Include_Core,Include_Core,Include_Core,Include_Core,Include_Core
R0533,10.1016/j.onehlt.2024.100881,Maybe,Include_Core,Maybe,Include_Core,Maybe
R0064,10.1186/s40793-022-00398-1,Include_Core,Include_Core,Include_Core,Include_Core,Include_Core
R0825,10.1111/tmi.13986,Include_Core,Include_Core,Include_Core,Include_Core,Include_Core
R0718,10.1016/j.envint.2022.107714,Maybe,Include_Core,Include_Core,Include_Core,Include_Core
R1404,10.1016/j.scitotenv.2013.09.032,Exclude,Include_Core,Exclude,Exclude,Exclude
R0104,10.1016/j.watres.2026.125810,Include_Core,Include_Core,Include_Core,Include_Core,Maybe
R0101,10.1080/09593330.2022.2158758,Include_Core,Include_Core,Include_Core,Include_Core,Include_Core
R0795,10.1016/j.jece.2026.121488,Include_Supporting,Include_Core,Include_Core,Include_Supporting,Include_Supporting
R1062,10.1021/es401091y,Include_Core,Include_Core,Include_Core,Include_Core,Include_Supporting
R0031,10.1016/j.jenvman.2026.128695,Include_Core,Include_Core,Include_Core,Include_Core,Include_Core
R0988,10.1039/c8ew00270c,Include_Core,Include_Core,Include_Core,Include_Core,Include_Core
R0654,10.1007/s11783-022-1521-z,Include_Supporting,Include_Core,Include_Core,Include_Core,Include_Core
R0102,10.1016/j.jenvman.2021.113270,Include_Core,Include_Core,Include_Core,Include_Core,Include_Core
R1307,10.1007/s11783-025-1943-5,Exclude,Include_Core,Maybe,Maybe,Include_Core
R0957,10.1016/j.scitotenv.2018.10.111,Include_Core,Include_Core,Include_Core,Include_Core,Include_Core
R1391,10.1016/j.jhazmat.2020.124428,Include_Supporting,Include_Core,Include_Core,Include_Core,Include_Supporting
R0287,10.1016/j.jhazmat.2019.121221,Include_Core,Include_Core,Include_Core,Include_Core,Include_Core
R1001,10.1080/01919512.2021.1906095,Include_Core,Include_Core,Include_Core,Include_Core,Include_Core
R1076,10.2166/wh.2019.160,Include_Supporting,Include_Core,Include_Core,Include_Supporting,Include_Supporting
R0605,10.3389/fmicb.2025.1612534,Maybe,Include_Core,Include_Core,Include_Core,Exclude
R0357,10.1016/j.watres.2016.11.056,Include_Core,Include_Core,Include_Core,Include_Core,Maybe
R0813,10.1016/j.jece.2026.122284,Include_Core,Include_Core,Include_Core,Include_Core,Maybe
R0805,10.3389/fmicb.2025.1591202,Include_Supporting,Include_Core,Include_Core,Include_Core,Include_Core
R1158,10.5004/dwt.2020.25712,Include_Supporting,Include_Core,Include_Supporting,Include_Supporting,Include_Supporting
R0992,10.1016/j.envint.2020.105864,Include_Supporting,Include_Core,Include_Supporting,Include_Supporting,Include_Core
R0891,10.12911/22998993/112506,Include_Core,Include_Core,Include_Core,Include_Core,Include_Core
R0679,10.1016/j.jenvman.2024.120829,Include_Core,Include_Core,Include_Core,Include_Core,Maybe
R1433,10.1007/s10646-009-0332-3,Maybe,Include_Core,Include_Core,Include_Core,Include_Core
R1136,10.1016/j.watres.2014.11.021,Include_Core,Include_Core,Include_Core,Include_Core,Include_Core
R1077,10.1016/j.envint.2021.106641,Include_Core,Include_Core,Include_Core,Include_Core,Include_Core
R0145,10.1016/j.watres.2022.119282,Include_Core,Include_Core,Include_Core,Include_Core,Maybe
R1056,10.1002/tqem.21709,Maybe,Include_Core,Maybe,Include_Supporting,Exclude
R0301,10.1038/s41598-020-65031-y,Include_Core,Include_Core,Include_Core,Include_Core,Include_Core
R0652,10.3390/w16243680,Maybe,Include_Core,Include_Core,Include_Core,Include_Supporting
R0545,10.1016/j.scitotenv.2025.178876,Exclude,Include_Core,Maybe,Include_Core,Exclude
R0692,10.1016/j.scitotenv.2024.171555,Include_Core,Include_Core,Include_Core,Include_Core,Include_Supporting
R0625,10.1371/journal.pone.0299740,Include_Core,Include_Core,Include_Core,Include_Core,Include_Core
R1193,10.1016/j.scitotenv.2018.05.165,Include_Core,Include_Core,Include_Core,Include_Core,Include_Core
R0083,10.3390/antibiotics14080753,Include_Core,Include_Core,Include_Core,Include_Core,Maybe
R0520,10.1016/j.wroa.2026.100506,Include_Core,Include_Core,Include_Core,Include_Core,Include_Core
R0346,10.1007/s11356-022-22096-8,Maybe,Include_Core,Include_Core,Include_Core,Maybe
R0122,10.3390/antibiotics15020132,Maybe,Include_Core,Include_Core,Include_Core,Maybe
R1316,10.1016/j.psep.2019.07.016,Exclude,Include_Core,Exclude,Exclude,Exclude
R0295,10.1016/j.scitotenv.2024.178244,Maybe,Include_Core,Include_Core,Include_Core,Exclude
R1425,10.1016/j.scitotenv.2023.168193,Include_Core,Include_Core,Include_Core,Include_Core,Include_Core
R0055,10.1016/j.onehlt.2024.100880,Include_Core,Include_Core,Include_Core,Include_Core,Include_Core
R0048,10.2147/IDR.S370669,Include_Core,Include_Core,Include_Core,Include_Core,Include_Core
R1390,10.1016/j.jhazmat.2023.131095,Exclude,Include_Core,Exclude,Include_Core,Exclude
R0796,10.1016/j.jwpe.2025.107152,Maybe,Include_Core,Include_Core,Include_Supporting,Maybe
R0950,10.1016/j.scitotenv.2018.07.370,Include_Core,Include_Core,Include_Core,Include_Core,Include_Core
R0306,10.1016/j.watres.2020.116079,Include_Core,Include_Core,Include_Core,Include_Core,Include_Core
R0313,10.1007/s10646-020-02342-w,Include_Core,Include_Core,Include_Core,Include_Core,Include_Core
R0661,10.3390/w16010114,Include_Core,Include_Core,Include_Core,Include_Core,Maybe
R0304,10.1016/j.watres.2024.121983,Include_Core,Include_Core,Include_Core,Include_Core,Include_Core
R0111,10.1016/j.envpol.2024.125515,Include_Core,Include_Core,Include_Core,Include_Core,Maybe
R0121,10.1016/j.jwpe.2022.102668,Include_Supporting,Include_Core,Include_Supporting,Include_Supporting,Include_Supporting
R0181,10.1016/j.watres.2022.118050,Exclude,Include_Core,Maybe,Include_Core,Maybe
R0785,10.1016/j.jhazmat.2024.137088,Include_Core,Include_Core,Include_Core,Include_Core,Include_Supporting
R0427,10.1016/j.scitotenv.2024.173217,Include_Core,Include_Core,Include_Core,Include_Core,Include_Core
R0524,10.1016/j.envpol.2025.126179,Include_Core,Include_Core,Include_Core,Include_Core,Include_Core
R0234,10.1016/j.scitotenv.2025.180839,Include_Supporting,Include_Core,Include_Core,Include_Core,Include_Supporting
R0414,10.1016/j.envres.2023.117801,Maybe,Include_Core,Maybe,Include_Core,Include_Core
R0606,10.1021/acsestengg.5c00475,Maybe,Include_Core,Maybe,Include_Core,Include_Core
R0511,10.3390/antibiotics11111531,Include_Supporting,Include_Core,Include_Core,Include_Core,Include_Supporting
R0379,10.1038/s41598-020-65635-4,Maybe,Include_Core,Include_Core,Include_Core,Include_Core
R0784,10.3390/antibiotics12111586,Maybe,Include_Core,Include_Core,Include_Core,Exclude
R0452,10.1016/j.chemosphere.2021.129563,Include_Core,Include_Core,Include_Core,Include_Core,Include_Core
R1069,10.1016/j.scitotenv.2013.05.052,Include_Supporting,Include_Core,Include_Core,Include_Core,Include_Supporting
R1185,10.2166/wh.2009.019,Include_Core,Include_Core,Include_Core,Include_Core,Maybe
R0976,10.1016/j.ijheh.2019.01.004,Include_Core,Include_Core,Include_Core,Include_Core,Include_Core
R0257,10.1016/j.envres.2024.119156,Maybe,Include_Core,Include_Core,Include_Core,Include_Core
R0009,10.1016/j.envpol.2023.122455,Include_Core,Include_Core,Include_Core,Include_Core,Include_Core
R0088,10.3390/antibiotics10091118,Include_Core,Include_Core,Include_Core,Include_Core,Maybe
R1285,10.3390/w16030377,Maybe,Include_Core,Include_Core,Include_Core,Maybe
R0364,10.1007/s12275-020-9309-y,Include_Core,Include_Core,Include_Core,Include_Core,Include_Core
R0899,10.3390/polym13101593,Maybe,Include_Core,Include_Core,Include_Supporting,Include_Supporting
R0949,10.1021/acs.est.6b02268,Include_Core,Include_Core,Include_Core,Include_Core,Include_Supporting
R0146,10.1016/j.scitotenv.2023.165984,Include_Core,Include_Core,Include_Core,Include_Core,Include_Core
R0580,10.1016/j.envpol.2024.123800,Include_Core,Include_Core,Include_Core,Include_Core,Maybe
R0119,10.13227/j.hjkx.202010106,Include_Core,Include_Core,Include_Core,Include_Core,Include_Core
R0946,10.1016/j.envint.2019.104986,Include_Core,Include_Core,Include_Core,Include_Core,Include_Supporting
R1002,10.1016/j.watres.2016.02.003,Include_Supporting,Include_Core,Include_Supporting,Include_Supporting,Exclude
R1338,10.1021/acs.est.5c08502,Include_Core,Include_Core,Include_Core,Include_Core,Maybe
R0483,10.1016/j.scitotenv.2014.07.024,Include_Core,Include_Core,Include_Core,Include_Core,Include_Core
R0965,10.1016/j.chemosphere.2017.08.133,Include_Core,Include_Core,Include_Core,Include_Core,Exclude
R0657,10.1016/j.ecoenv.2025.119469,Maybe,Include_Core,Include_Core,Include_Supporting,Maybe
R1226,10.1016/j.jes.2023.04.012,Include_Core,Include_Core,Include_Core,Include_Core,Maybe
R0128,10.1016/j.envpol.2021.118774,Include_Supporting,Include_Core,Maybe,Include_Core,Maybe
R0014,10.1093/femsec/fiae081,Include_Core,Include_Core,Include_Core,Include_Core,Include_Core
R0331,10.1021/acs.est.4c03726,Include_Core,Include_Core,Include_Core,Include_Core,Include_Core
R0168,10.1021/acsestwater.5c00486,Include_Supporting,Include_Core,Include_Core,Include_Supporting,Include_Supporting
R0422,10.1186/s40168-019-0663-0,Include_Core,Include_Core,Include_Core,Include_Core,Include_Core
R1083,10.1002/wer.1299,Include_Core,Include_Core,Include_Core,Include_Core,Include_Supporting
R0415,10.1016/j.envint.2024.108554,Include_Core,Include_Core,Include_Core,Include_Core,Include_Core
R1394,10.1016/j.jhazmat.2024.134011,Include_Core,Include_Core,Include_Core,Include_Core,Include_Core
R0470,10.1016/j.scitotenv.2024.176569,Include_Core,Include_Core,Include_Core,Include_Core,Maybe
R0179,10.1016/j.watres.2019.06.073,Include_Core,Include_Core,Include_Core,Include_Core,Maybe
R1026,10.1016/j.biortech.2020.122825,Include_Core,Include_Core,Include_Core,Include_Core,Exclude
R0966,10.1016/j.chemosphere.2018.04.163,Include_Core,Include_Core,Include_Core,Include_Core,Include_Core
R0043,10.1016/j.heliyon.2024.e33372,Maybe,Include_Core,Include_Core,Include_Core,Maybe
R0745,10.1007/s11356-023-26270-4,Include_Supporting,Include_Core,Include_Core,Include_Core,Include_Supporting
R0672,10.1016/j.jhazmat.2025.138855,Include_Supporting,Include_Core,Include_Core,Include_Core,Exclude
R0621,10.1007/s13762-024-05952-7,Maybe,Include_Core,Include_Core,Include_Core,Exclude
R0612,10.1021/acsestwater.5c00883,Include_Core,Include_Core,Include_Core,Include_Core,Include_Core
R0125,10.1016/j.envres.2025.120807,Include_Supporting,Include_Core,Include_Core,Include_Core,Maybe
R0618,10.1016/j.psep.2022.09.030,Maybe,Include_Core,Maybe,Include_Core,Maybe
R0449,10.1016/j.scitotenv.2024.171806,Include_Core,Include_Core,Include_Core,Include_Core,Include_Core
R0779,10.1016/j.jhazmat.2024.137046,Include_Core,Include_Core,Include_Core,Include_Core,Maybe
R0038,10.1007/s11356-025-35988-2,Include_Core,Include_Supporting,Include_Supporting,Include_Supporting,Include_Supporting
R0463,10.1016/j.jhazmat.2026.141891,Include_Supporting,Include_Supporting,Include_Supporting,Include_Core,Include_Supporting
R1050,10.1016/j.biortech.2016.03.086,Include_Supporting,Include_Supporting,Include_Supporting,Include_Supporting,Include_Supporting
R0643,10.1016/j.algal.2025.104217,Include_Supporting,Include_Supporting,Include_Supporting,Include_Supporting,Maybe
R0821,10.1016/j.jece.2025.121004,Maybe,Include_Supporting,Include_Core,Include_Supporting,Exclude
R1234,10.2166/aqua.2008.072,Exclude,Include_Supporting,Exclude,Include_Supporting,Exclude
R1073,10.5004/dwt.2019.24255,Include_Supporting,Include_Supporting,Include_Supporting,Include_Core,Include_Supporting
R0956,10.1016/j.jhazmat.2019.06.014,Include_Supporting,Include_Supporting,Include_Supporting,Include_Supporting,Include_Supporting
R1167,10.1016/j.watres.2019.05.034,Include_Supporting,Include_Supporting,Include_Supporting,Include_Supporting,Include_Supporting
