unit_id,record_id,doi,matrix_before,matrix_after,treatment_process,n_outcomes_appraised,n_valid_for_removal_synthesis,outcome_ids,targets,D1_final_judgement,D2_final_judgement,D3_final_judgement,D4_final_judgement,D5_final_judgement,final_overall_judgement,final_author_approval,XCN_confirmation,TU_confirmation,joint_reconciliation_date
R0054-U01,R0054,10.1016/j.scitotenv.2022.156773,influent,final effluent,CAS,3,3,O_000067; O_000068; O_000069,intI1; sul1; tetA,Low concern,Some concerns,Some concerns,Some concerns,Some concerns,Some concerns,Jointly accepted by X.C.N. and T.U.,Accepted,Accepted,2026-09-13
R0090-U01,R0090,10.1016/j.watres.2023.120761,influent,effluent,activated sludge-based WWTP,2,2,O_000114; O_000117,ermB; sul1,Some concerns,Critical concern / insufficient reporting,Some concerns,Some concerns,Some concerns,Critical concern / insufficient reporting,Jointly accepted by X.C.N. and T.U.,Accepted,Accepted,2026-09-13
R0170-U01,R0170,10.1016/j.jhazmat.2021.127352,influent,effluent,EGSB anaerobic reactor,1,1,O_000255,tetE,Some concerns,Low concern,Critical concern / insufficient reporting,Low concern,Low concern,Critical concern / insufficient reporting,Jointly accepted by X.C.N. and T.U.,Accepted,Accepted,2026-09-13
R0180-U01,R0180,10.1007/s41742-023-00552-8,influent,final effluent,anaerobic digestion followed by anaerobic ponds,2,2,O_000292; O_000293,blaTEM; ermB,Low concern,Some concerns,Some concerns,Low concern,Some concerns,Some concerns,Jointly accepted by X.C.N. and T.U.,Accepted,Accepted,2026-09-13
R0196-U01,R0196,10.1016/j.watres.2020.116752,influent,final effluent,AB-line versus aerobic granular sludge,1,1,O_000317,ermB,Low concern,Low concern,Some concerns,Low concern,Low concern,Some concerns,Jointly accepted by X.C.N. and T.U.,Accepted,Accepted,2026-09-13
R0196-U02,R0196,10.1016/j.watres.2020.116752,influent,final effluent,full-scale wastewater treatment,3,3,O_000309; O_000310; O_000311,blaCTX-M; ermB; tetM,Low concern,Some concerns,Some concerns,Some concerns,Low concern,Some concerns,Jointly accepted by X.C.N. and T.U.,Accepted,Accepted,2026-09-13
R0236-U01,R0236,10.1039/c6ew00322b,influent,final effluent,IH WWTP,2,2,O_000408; O_000409,sul1; sul2,Low concern,Some concerns,Some concerns,Some concerns,Low concern,Some concerns,Jointly accepted by X.C.N. and T.U.,Accepted,Accepted,2026-09-13
R0236-U02,R0236,10.1039/c6ew00322b,influent,final effluent,SH WWTP,1,1,O_000405,tetZ,Low concern,Some concerns,Some concerns,Some concerns,Low concern,Some concerns,Jointly accepted by X.C.N. and T.U.,Accepted,Accepted,2026-09-13
R0262-U01,R0262,10.1016/j.watres.2019.05.100,influent,final effluent,WWTP treatment,7,7,O_000453; O_000454; O_000455; O_000456; O_000457; O_000458; O_000459,blaCTX-M; ermB; intI1; qnrS; sul1; sul2; tetM,Some concerns,Low concern,Critical concern / insufficient reporting,Low concern,Low concern,Critical concern / insufficient reporting,Jointly accepted by X.C.N. and T.U.,Accepted,Accepted,2026-09-13
R0272-U01,R0272,10.1016/j.envpol.2025.126096,influent,secondary effluent,activated sludge; tertiary UV treatment,1,1,O_000483,class 1 integrons,Low concern,Some concerns,Critical concern / insufficient reporting,Some concerns,Some concerns,Critical concern / insufficient reporting,Jointly accepted by X.C.N. and T.U.,Accepted,Accepted,2026-09-13
R0280-U01,R0280,10.1061/JHTRBP.HZENG-1601,influent,final effluent,modified SBR,4,4,O_000493; O_000494; O_000496; O_000499,intI1; qnrS; sul1; tetA,Some concerns,Low concern,Some concerns,Low concern,Some concerns,Some concerns,Jointly accepted by X.C.N. and T.U.,Accepted,Accepted,2026-09-13
R0293-U01,R0293,10.1007/s10661-025-14745-5,influent,secondary effluent,secondary biological treatment,2,2,O_000518; O_000522,sul1; tetM,Some concerns,Low concern,Some concerns,Low concern,Low concern,Some concerns,Jointly accepted by X.C.N. and T.U.,Accepted,Accepted,2026-09-13
R0307-U01,R0307,10.3389/fmicb.2017.01282,influent,secondary effluent,mechanical separation; activated sludge; sedimentation,1,1,O_000540,mcr-1,Low concern,Some concerns,Some concerns,Some concerns,Low concern,Some concerns,Jointly accepted by X.C.N. and T.U.,Accepted,Accepted,2026-09-13
R0328-U01,R0328,10.1016/j.jenvman.2018.10.073,raw sewage,secondary sedimentation pool effluent,secondary sedimentation,6,6,O_000602; O_000603; O_000604; O_000605; O_000606; O_000607,intI1; sul1; sul2; tetA; tetM; tetW,Some concerns,Some concerns,Some concerns,Some concerns,Some concerns,Some concerns,Jointly accepted by X.C.N. and T.U.,Accepted,Accepted,2026-09-13
R0328-U02,R0328,10.1016/j.jenvman.2018.10.073,raw wastewater,secondary sedimentation pool effluent,secondary sedimentation,6,6,O_000608; O_000609; O_000610; O_000611; O_000612; O_000613,intI1; sul1; sul2; tetA; tetM; tetW,Some concerns,Some concerns,Some concerns,Some concerns,Some concerns,Some concerns,Jointly accepted by X.C.N. and T.U.,Accepted,Accepted,2026-09-13
R0505-U01,R0505,10.1016/j.envint.2013.01.019,influent,effluent,municipal wastewater treatment systems,1,1,O_000941,intI1,Some concerns,Some concerns,Critical concern / insufficient reporting,Some concerns,Some concerns,Critical concern / insufficient reporting,Jointly accepted by X.C.N. and T.U.,Accepted,Accepted,2026-09-13
R0524-U01,R0524,10.1016/j.envpol.2025.126179,raw sewage,treated effluent,Enviroseptic WWTP,3,3,O_000998; O_000999; O_001000,blaTEM; sul1; tetW,Low concern,Some concerns,Some concerns,Some concerns,Low concern,Some concerns,Jointly accepted by X.C.N. and T.U.,Accepted,Accepted,2026-09-13
R0524-U02,R0524,10.1016/j.envpol.2025.126179,raw sewage,treated effluent,conventional WWTP,3,3,O_000995; O_000996; O_000997,blaTEM; sul1; tetW,Low concern,Some concerns,Some concerns,Some concerns,Low concern,Some concerns,Jointly accepted by X.C.N. and T.U.,Accepted,Accepted,2026-09-13
R0591-U01,R0591,10.1007/s11356-022-24545-w,influent,final effluent,MWWTP,5,5,O_001118; O_001119; O_001120; O_001121; O_001122,aadA; blaCTX-M; ermB; sul1; tetA,Low concern,Low concern,Some concerns,Low concern,Low concern,Some concerns,Jointly accepted by X.C.N. and T.U.,Accepted,Accepted,2026-09-13
R0612-U01,R0612,10.1021/acsestwater.5c00883,primary influent,final effluent,activated sludge,9,9,O_001155; O_001156; O_001157; O_001158; O_001159; O_001160; O_001161; O_001162; O_001163,ampC; blaOXA; blaTEM; ermB; mefA; sul1; tetQ; tetW; vanA,Low concern,Some concerns,Low concern,Some concerns,Low concern,Some concerns,Jointly accepted by X.C.N. and T.U.,Accepted,Accepted,2026-09-13
R0743-U01,R0743,10.1016/j.biortech.2025.132047,influent,secondary effluent,membrane bioreactor,1,1,O_001390,tetQ,Low concern,Some concerns,Critical concern / insufficient reporting,Low concern,Some concerns,Critical concern / insufficient reporting,Jointly accepted by X.C.N. and T.U.,Accepted,Accepted,2026-09-13
R0782-U01,R0782,10.1016/j.jgar.2025.09.002,influent,final effluent,waste stabilisation pond,2,2,O_001457; O_001458,blaCMY-2; blaTEM,Low concern,Some concerns,Low concern,Some concerns,Some concerns,Some concerns,Jointly accepted by X.C.N. and T.U.,Accepted,Accepted,2026-09-13
R0792-U01,R0792,10.1016/j.scitotenv.2025.179241,influent,final effluent,activated sludge,1,1,O_001480,blaKPC,Low concern,Some concerns,Some concerns,Some concerns,Low concern,Some concerns,Jointly accepted by X.C.N. and T.U.,Accepted,Accepted,2026-09-13
R0804-U01,R0804,10.2166/wrd.2022.018,influent,effluent,AnMBR,1,1,O_001507,blaTEM,Some concerns,Low concern,Critical concern / insufficient reporting,Low concern,Some concerns,Critical concern / insufficient reporting,Jointly accepted by X.C.N. and T.U.,Accepted,Accepted,2026-09-13
R0849-U01,R0849,10.1089/ees.2020.0189,secondary effluent,treated effluent,electrocoagulation,7,7,O_001618; O_001619; O_001620; O_001621; O_001622; O_001623; O_001624,sul1; sul2; tetO; tetX,Some concerns,Low concern,Some concerns,Low concern,Low concern,Some concerns,Jointly accepted by X.C.N. and T.U.,Accepted,Accepted,2026-09-13
R0849-U02,R0849,10.1089/ees.2020.0189,secondary effluent,treated effluent,sequential UV/EC,2,2,O_001625; O_001626,sul1; tetX,Some concerns,Low concern,Some concerns,Low concern,Some concerns,Some concerns,Jointly accepted by X.C.N. and T.U.,Accepted,Accepted,2026-09-13
R0853-U01,R0853,10.1016/j.scitotenv.2016.01.078,secondary effluent,treated effluent,Fenton oxidation,10,10,O_001629; O_001630; O_001631; O_001632; O_001633; O_001634; O_001635; O_001636; O_001637; O_001638,intI1; sul1; tetG; tetX,Some concerns,Low concern,Some concerns,Low concern,Low concern,Some concerns,Jointly accepted by X.C.N. and T.U.,Accepted,Accepted,2026-09-13
R0853-U02,R0853,10.1016/j.scitotenv.2016.01.078,secondary effluent,treated effluent,UV/H2O2 process,4,4,O_001639; O_001640; O_001641; O_001642,intI1; sul1; tetG; tetX,Some concerns,Low concern,Some concerns,Low concern,Low concern,Some concerns,Jointly accepted by X.C.N. and T.U.,Accepted,Accepted,2026-09-13
R0867-U01,R0867,10.1016/j.jenvman.2018.09.043,influent,effluent,two stage tandem biological oxidation process,1,1,O_001661,blaTEM-2,Low concern,Some concerns,Some concerns,Some concerns,Low concern,Some concerns,Jointly accepted by X.C.N. and T.U.,Accepted,Accepted,2026-09-13
R0872-U01,R0872,10.1016/j.envpol.2021.118512,influent,secondary effluent,municipal wastewater treatment,5,5,O_001681; O_001682; O_001683; O_001684; O_001685,aac(6')-Ib; aadA; mphB; sul1; tetA,Some concerns,Some concerns,Critical concern / insufficient reporting,Some concerns,Low concern,Critical concern / insufficient reporting,Jointly accepted by X.C.N. and T.U.,Accepted,Accepted,2026-09-13
R0885-U01,R0885,10.1007/s11783-019-1116-5,influent,secondary effluent,biological treatment (CASS),6,6,O_001712; O_001713; O_001714; O_001715; O_001716; O_001717,blaCTX-M; sulI; sulII; tetA; tetO; tetW,Low concern,Some concerns,Low concern,Some concerns,Low concern,Some concerns,Jointly accepted by X.C.N. and T.U.,Accepted,Accepted,2026-09-13
R0885-U02,R0885,10.1007/s11783-019-1116-5,secondary effluent,final effluent,UV disinfection,7,7,O_001718; O_001719; O_001720; O_001721; O_001722; O_001723; O_001724,blaCTX-M; intI1; sulI; sulII; tetA; tetO; tetW,Low concern,Low concern,Low concern,Low concern,Low concern,Low concern,Jointly accepted by X.C.N. and T.U.,Accepted,Accepted,2026-09-13
R0885-U03,R0885,10.1007/s11783-019-1116-5,secondary effluent,treated effluent,activated carbon adsorption,4,4,O_001727; O_001728; O_001729; O_001731,blaCTX-M; intI1; tetO; tetW,Some concerns,Low concern,Low concern,Low concern,Low concern,Some concerns,Jointly accepted by X.C.N. and T.U.,Accepted,Accepted,2026-09-13
R0885-U04,R0885,10.1007/s11783-019-1116-5,secondary effluent,treated effluent,ozonation + AGAC,3,3,O_001734; O_001735; O_001736,intI1; sulI; sulII,Some concerns,Low concern,Low concern,Low concern,Low concern,Some concerns,Jointly accepted by X.C.N. and T.U.,Accepted,Accepted,2026-09-13
R0909-U01,R0909,10.1016/j.watres.2017.01.010,secondary effluent,treated effluent after coagulation,coagulation with FeCl3,7,7,O_001791; O_001792; O_001793; O_001794; O_001795; O_001796; O_001797,intI1; sulI; sulII; tetO; tetQ; tetW,Some concerns,Low concern,Some concerns,Low concern,Low concern,Some concerns,Jointly accepted by X.C.N. and T.U.,Accepted,Accepted,2026-09-13
R0909-U02,R0909,10.1016/j.watres.2017.01.010,secondary effluent,treated effluent after coagulation,coagulation with PFC,1,1,O_001798,sulI,Some concerns,Low concern,Some concerns,Low concern,Low concern,Some concerns,Jointly accepted by X.C.N. and T.U.,Accepted,Accepted,2026-09-13
R0917-U01,R0917,10.1016/j.watres.2020.116273,secondary effluent,Fe(VI)-treated wastewater,Ferrate (Fe(VI)) treatment,1,1,O_001814,ermB,Some concerns,Low concern,Some concerns,Low concern,Low concern,Some concerns,Jointly accepted by X.C.N. and T.U.,Accepted,Accepted,2026-09-13
R0926-U01,R0926,10.1038/s41598-021-96169-y,influent,secondary effluent,activated sludge,4,4,O_001832; O_001833; O_001834; O_001835,blaTEM; ermB; sul1; tetM,Low concern,Some concerns,Some concerns,Some concerns,Low concern,Some concerns,Jointly accepted by X.C.N. and T.U.,Accepted,Accepted,2026-09-13
R0944-U01,R0944,10.3390/w10010037,activated sludge,secondary effluent,secondary clarification,1,1,O_001889,sul1,Low concern,Some concerns,Low concern,Some concerns,Low concern,Some concerns,Jointly accepted by X.C.N. and T.U.,Accepted,Accepted,2026-09-13
R0944-U02,R0944,10.3390/w10010037,raw sewage,activated sludge,activated sludge,1,1,O_001888,sul1,Low concern,Some concerns,Low concern,Some concerns,Low concern,Some concerns,Jointly accepted by X.C.N. and T.U.,Accepted,Accepted,2026-09-13
R0944-U03,R0944,10.3390/w10010037,raw sewage,final effluent,complete WRP treatment,1,1,O_001894,sul1,Low concern,Some concerns,Low concern,Low concern,Low concern,Some concerns,Jointly accepted by X.C.N. and T.U.,Accepted,Accepted,2026-09-13
R0944-U04,R0944,10.3390/w10010037,secondary effluent,final effluent,tertiary media filtration and disinfection,1,1,O_001890,sul1,Low concern,Some concerns,Low concern,Low concern,Low concern,Some concerns,Jointly accepted by X.C.N. and T.U.,Accepted,Accepted,2026-09-13
R1017-U01,R1017,10.3390/W12061729,influent,final effluent,Plant A whole process,1,1,O_002098,tetA,Low concern,Some concerns,Low concern,Some concerns,Low concern,Some concerns,Jointly accepted by X.C.N. and T.U.,Accepted,Accepted,2026-09-13
R1017-U02,R1017,10.3390/W12061729,influent,final effluent,Plant B whole process,1,1,O_002099,intI1,Low concern,Some concerns,Low concern,Some concerns,Low concern,Some concerns,Jointly accepted by X.C.N. and T.U.,Accepted,Accepted,2026-09-13
R1028-U01,R1028,10.1021/es303652q,secondary effluent / filtered wastewater effluent,UV-treated wastewater effluent,UV disinfection,4,4,O_002110; O_002111; O_002112; O_002113,ampC; mecA; tet(A); vanA,Some concerns,Low concern,Some concerns,Low concern,Some concerns,Some concerns,Jointly accepted by X.C.N. and T.U.,Accepted,Accepted,2026-09-13
R1061-U01,R1061,10.1016/j.scitotenv.2018.10.305,influent,secondary effluent,MBR,2,2,O_002230; O_002231,sul1; sul2,Some concerns,Low concern,Some concerns,Low concern,Low concern,Some concerns,Jointly accepted by X.C.N. and T.U.,Accepted,Accepted,2026-09-13
R1061-U02,R1061,10.1016/j.scitotenv.2018.10.305,influent,secondary effluent,OD or MSBR,1,1,O_002232,int1,Some concerns,Low concern,Some concerns,Low concern,Low concern,Some concerns,Jointly accepted by X.C.N. and T.U.,Accepted,Accepted,2026-09-13
R1070-U01,R1070,10.2175/106143012X13373575831394,raw sludge,digested sludge,[not specified in dataset],2,0,O_004540; O_004547,intI1,Some concerns,Low concern,Some concerns,Critical concern / insufficient reporting,Some concerns,Critical concern / insufficient reporting,Jointly accepted by X.C.N. and T.U.,Accepted,Accepted,2026-09-13
R1076-U01,R1076,10.2166/wh.2019.160,secondary effluent,treated effluent,BPAC-UF,5,5,O_002296; O_002297; O_002298; O_002299; O_002300,intI1; sulI; sulII; tetA; tetW,Some concerns,Low concern,Some concerns,Low concern,Low concern,Some concerns,Jointly accepted by X.C.N. and T.U.,Accepted,Accepted,2026-09-13
R1076-U02,R1076,10.2166/wh.2019.160,secondary effluent,treated effluent,PAC-UF,4,4,O_002292; O_002293; O_002294; O_002295,sulI; sulII; tetA; tetW,Some concerns,Low concern,Some concerns,Low concern,Low concern,Some concerns,Jointly accepted by X.C.N. and T.U.,Accepted,Accepted,2026-09-13
R1083-U01,R1083,10.1002/wer.1299,influent,final effluent,Bardenpho,2,2,O_002314; O_002315,erm(F); intI1,Low concern,Low concern,Some concerns,Low concern,Low concern,Some concerns,Jointly accepted by X.C.N. and T.U.,Accepted,Accepted,2026-09-13
R1083-U02,R1083,10.1002/wer.1299,primary effluent,secondary effluent,Bardenpho,4,4,O_002316; O_002317; O_002318; O_002319,erm(F); intI1,Low concern,Low concern,Some concerns,Low concern,Low concern,Some concerns,Jointly accepted by X.C.N. and T.U.,Accepted,Accepted,2026-09-13
R1085-U01,R1085,10.1016/j.jhazmat.2018.06.058,influent,effluent,activated sludge,4,4,O_002326; O_002327; O_002328; O_002329,blaKPC; blaNDM; blaOXA-48,Low concern,Some concerns,Low concern,Some concerns,Low concern,Some concerns,Jointly accepted by X.C.N. and T.U.,Accepted,Accepted,2026-09-13
R1122-U01,R1122,10.1021/acs.est.6b02640,secondary effluent,ozonated effluent,ozonation,1,1,O_002415,sul1,Some concerns,Low concern,Low concern,Low concern,Some concerns,Some concerns,Jointly accepted by X.C.N. and T.U.,Accepted,Accepted,2026-09-13
R1126-U01,R1126,10.1016/j.jhazmat.2022.128933,raw wastewater,final treated wastewater,overall treatment,4,4,O_002446; O_002447; O_002448; O_002449,blaCTX-M; blaOXA-58; blaTEM; incF,Low concern,Low concern,Some concerns,Some concerns,Low concern,Some concerns,Jointly accepted by X.C.N. and T.U.,Accepted,Accepted,2026-09-13
R1158-U01,R1158,10.5004/dwt.2020.25712,secondary effluent,treated effluent,coagulation (PAC)-sedimentation-UF,1,1,O_002529,tetX,Some concerns,Low concern,Critical concern / insufficient reporting,Low concern,Some concerns,Critical concern / insufficient reporting,Jointly accepted by X.C.N. and T.U.,Accepted,Accepted,2026-09-13
R1158-U02,R1158,10.5004/dwt.2020.25712,secondary effluent,treated effluent,coagulation (PFS)-sedimentation-UF,1,1,O_002530,sulI,Some concerns,Low concern,Critical concern / insufficient reporting,Low concern,Some concerns,Critical concern / insufficient reporting,Jointly accepted by X.C.N. and T.U.,Accepted,Accepted,2026-09-13
R1158-U03,R1158,10.5004/dwt.2020.25712,secondary effluent,treated effluent,direct UF,1,1,O_002528,tetA,Some concerns,Low concern,Critical concern / insufficient reporting,Low concern,Some concerns,Critical concern / insufficient reporting,Jointly accepted by X.C.N. and T.U.,Accepted,Accepted,2026-09-13
R1169-U01,R1169,10.1016/j.biortech.2018.06.021,influent,final effluent,WWTP,1,1,O_002571,mcr-1,Some concerns,Low concern,Some concerns,Low concern,Low concern,Some concerns,Jointly accepted by X.C.N. and T.U.,Accepted,Accepted,2026-09-13
R1177-U01,R1177,10.1016/j.jhazmat.2021.128155,influent,effluent,biological treatment,1,1,O_002597,blaTEM,Low concern,Some concerns,Some concerns,Some concerns,Some concerns,Some concerns,Jointly accepted by X.C.N. and T.U.,Accepted,Accepted,2026-09-13
R1252-U01,R1252,10.1007/s00253-015-6404-9,influent,final effluent,activated sludge WWTP,2,2,O_002706; O_002707,ere(B); erm(B),Low concern,Some concerns,Some concerns,Some concerns,Low concern,Some concerns,Jointly accepted by X.C.N. and T.U.,Accepted,Accepted,2026-09-13
R1343-U01,R1343,10.1080/09603123.2026.2622542,influent,secondary effluent,ASP,1,1,O_002754,blaNDM-1,Low concern,Some concerns,Some concerns,Some concerns,Some concerns,Some concerns,Jointly accepted by X.C.N. and T.U.,Accepted,Accepted,2026-09-13
R1343-U02,R1343,10.1080/09603123.2026.2622542,influent,secondary effluent,MBBR,1,1,O_002749,qnrS,Low concern,Some concerns,Some concerns,Some concerns,Some concerns,Some concerns,Jointly accepted by X.C.N. and T.U.,Accepted,Accepted,2026-09-13
R1343-U03,R1343,10.1080/09603123.2026.2622542,influent,secondary effluent,UASB,3,3,O_002751; O_002752; O_002753,blaSHV; ermB,Low concern,Some concerns,Some concerns,Some concerns,Some concerns,Some concerns,Jointly accepted by X.C.N. and T.U.,Accepted,Accepted,2026-09-13
