cohort_version,freeze_date,freeze_date_tag,gene_family,normalized_target_name,matrix_bucket,n_studies_reported_detected,n_rows_reported_detected,note
v1.0,2026-06-27,20260627,sul,sul1,matrix_unclear,100,412,reported detection only; not prevalence denominator
v1.0,2026-06-27,20260627,intI1,intI1,matrix_unclear,90,395,reported detection only; not prevalence denominator
v1.0,2026-06-27,20260627,sul,sul1,influent,60,94,reported detection only; not prevalence denominator
v1.0,2026-06-27,20260627,sul,sul2,matrix_unclear,59,210,reported detection only; not prevalence denominator
v1.0,2026-06-27,20260627,intI1,intI1,influent,52,87,reported detection only; not prevalence denominator
v1.0,2026-06-27,20260627,sul,sul1,final_effluent,47,97,reported detection only; not prevalence denominator
v1.0,2026-06-27,20260627,intI1,intI1,sludge,43,80,reported detection only; not prevalence denominator
v1.0,2026-06-27,20260627,erm,ermB,matrix_unclear,39,171,reported detection only; not prevalence denominator
v1.0,2026-06-27,20260627,tet,tetA,matrix_unclear,38,139,reported detection only; not prevalence denominator
v1.0,2026-06-27,20260627,bla,blaTEM,matrix_unclear,37,187,reported detection only; not prevalence denominator
v1.0,2026-06-27,20260627,intI1,intI1,final_effluent,34,76,reported detection only; not prevalence denominator
v1.0,2026-06-27,20260627,sul,sul1,sludge,28,61,reported detection only; not prevalence denominator
v1.0,2026-06-27,20260627,intI1,intI1,secondary_effluent,28,35,reported detection only; not prevalence denominator
v1.0,2026-06-27,20260627,sul,sul1,secondary_effluent,26,38,reported detection only; not prevalence denominator
v1.0,2026-06-27,20260627,sul,sul2,influent,26,36,reported detection only; not prevalence denominator
v1.0,2026-06-27,20260627,tet,tetM,matrix_unclear,25,62,reported detection only; not prevalence denominator
v1.0,2026-06-27,20260627,tet,tetW,matrix_unclear,23,95,reported detection only; not prevalence denominator
v1.0,2026-06-27,20260627,qnr,qnrS,matrix_unclear,21,92,reported detection only; not prevalence denominator
v1.0,2026-06-27,20260627,bla,blaTEM,influent,20,34,reported detection only; not prevalence denominator
v1.0,2026-06-27,20260627,erm,ermB,final_effluent,18,50,reported detection only; not prevalence denominator
v1.0,2026-06-27,20260627,erm,ermB,influent,18,35,reported detection only; not prevalence denominator
v1.0,2026-06-27,20260627,sul,sul2,secondary_effluent,18,23,reported detection only; not prevalence denominator
v1.0,2026-06-27,20260627,sul,sul2,sludge,17,43,reported detection only; not prevalence denominator
v1.0,2026-06-27,20260627,bla,blaTEM,final_effluent,17,33,reported detection only; not prevalence denominator
v1.0,2026-06-27,20260627,bla,blaCTX-M,matrix_unclear,16,66,reported detection only; not prevalence denominator
v1.0,2026-06-27,20260627,tet,tetA,sludge,16,35,reported detection only; not prevalence denominator
v1.0,2026-06-27,20260627,tet,tetW,sludge,15,22,reported detection only; not prevalence denominator
v1.0,2026-06-27,20260627,tet,tetO,matrix_unclear,14,43,reported detection only; not prevalence denominator
v1.0,2026-06-27,20260627,sul,sul2,final_effluent,14,27,reported detection only; not prevalence denominator
v1.0,2026-06-27,20260627,erm,ermB,sludge,14,22,reported detection only; not prevalence denominator
v1.0,2026-06-27,20260627,tet,tetA,final_effluent,13,24,reported detection only; not prevalence denominator
v1.0,2026-06-27,20260627,tet,tetA,influent,13,24,reported detection only; not prevalence denominator
v1.0,2026-06-27,20260627,tet,tetX,sludge,12,31,reported detection only; not prevalence denominator
v1.0,2026-06-27,20260627,tet,tetW,influent,12,25,reported detection only; not prevalence denominator
v1.0,2026-06-27,20260627,tet,tetM,influent,12,15,reported detection only; not prevalence denominator
v1.0,2026-06-27,20260627,other,vanA,matrix_unclear,11,34,reported detection only; not prevalence denominator
v1.0,2026-06-27,20260627,bla,blaCTX-M,final_effluent,11,22,reported detection only; not prevalence denominator
v1.0,2026-06-27,20260627,qnr,qnrS,final_effluent,11,19,reported detection only; not prevalence denominator
v1.0,2026-06-27,20260627,tet,tetO,influent,11,17,reported detection only; not prevalence denominator
v1.0,2026-06-27,20260627,tet,tetM,final_effluent,11,16,reported detection only; not prevalence denominator
v1.0,2026-06-27,20260627,tet,tetC,matrix_unclear,10,31,reported detection only; not prevalence denominator
v1.0,2026-06-27,20260627,tet,tetX,matrix_unclear,10,28,reported detection only; not prevalence denominator
v1.0,2026-06-27,20260627,tet,tetQ,sludge,10,17,reported detection only; not prevalence denominator
v1.0,2026-06-27,20260627,qnr,qnrS,influent,10,12,reported detection only; not prevalence denominator
v1.0,2026-06-27,20260627,tet,tetQ,influent,10,12,reported detection only; not prevalence denominator
v1.0,2026-06-27,20260627,tet,tetW,final_effluent,9,28,reported detection only; not prevalence denominator
v1.0,2026-06-27,20260627,tet,tetO,sludge,9,25,reported detection only; not prevalence denominator
v1.0,2026-06-27,20260627,intI1,intI1,other_known,9,23,reported detection only; not prevalence denominator
v1.0,2026-06-27,20260627,bla,blaKPC,final_effluent,9,21,reported detection only; not prevalence denominator
v1.0,2026-06-27,20260627,sul,sul1,other_known,9,21,reported detection only; not prevalence denominator
v1.0,2026-06-27,20260627,tet,tetQ,matrix_unclear,9,16,reported detection only; not prevalence denominator
v1.0,2026-06-27,20260627,tet,tetO,final_effluent,9,10,reported detection only; not prevalence denominator
v1.0,2026-06-27,20260627,tet,tetC,sludge,8,23,reported detection only; not prevalence denominator
v1.0,2026-06-27,20260627,other,vanA,influent,8,16,reported detection only; not prevalence denominator
v1.0,2026-06-27,20260627,tet,tetA,secondary_effluent,8,16,reported detection only; not prevalence denominator
v1.0,2026-06-27,20260627,bla,blaTEM,secondary_effluent,8,12,reported detection only; not prevalence denominator
v1.0,2026-06-27,20260627,other,bacA,matrix_unclear,8,12,reported detection only; not prevalence denominator
v1.0,2026-06-27,20260627,other,mcr-1,influent,8,12,reported detection only; not prevalence denominator
v1.0,2026-06-27,20260627,qnr,qnrS,secondary_effluent,8,10,reported detection only; not prevalence denominator
v1.0,2026-06-27,20260627,tet,tetB,matrix_unclear,7,34,reported detection only; not prevalence denominator
v1.0,2026-06-27,20260627,bla,blaKPC,matrix_unclear,7,33,reported detection only; not prevalence denominator
v1.0,2026-06-27,20260627,other,mcr-1,matrix_unclear,7,32,reported detection only; not prevalence denominator
v1.0,2026-06-27,20260627,sul,sul3,matrix_unclear,7,25,reported detection only; not prevalence denominator
v1.0,2026-06-27,20260627,tet,tetM,sludge,7,24,reported detection only; not prevalence denominator
v1.0,2026-06-27,20260627,other,intI2,matrix_unclear,7,20,reported detection only; not prevalence denominator
v1.0,2026-06-27,20260627,tet,tetG,matrix_unclear,7,18,reported detection only; not prevalence denominator
v1.0,2026-06-27,20260627,bla,blaTEM,sludge,7,17,reported detection only; not prevalence denominator
v1.0,2026-06-27,20260627,bla,blaCTX-M,influent,7,12,reported detection only; not prevalence denominator
v1.0,2026-06-27,20260627,tet,tetC,final_effluent,7,12,reported detection only; not prevalence denominator
v1.0,2026-06-27,20260627,erm,ermF,matrix_unclear,7,11,reported detection only; not prevalence denominator
v1.0,2026-06-27,20260627,other,intI2,influent,7,10,reported detection only; not prevalence denominator
v1.0,2026-06-27,20260627,qnr,qnrB,matrix_unclear,6,41,reported detection only; not prevalence denominator
v1.0,2026-06-27,20260627,bla,ampC,matrix_unclear,6,27,reported detection only; not prevalence denominator
v1.0,2026-06-27,20260627,erm,ermB,secondary_effluent,6,9,reported detection only; not prevalence denominator
v1.0,2026-06-27,20260627,qnr,qnrD,matrix_unclear,6,9,reported detection only; not prevalence denominator
v1.0,2026-06-27,20260627,tet,tetM,secondary_effluent,6,7,reported detection only; not prevalence denominator
v1.0,2026-06-27,20260627,tet,tetQ,secondary_effluent,6,7,reported detection only; not prevalence denominator
v1.0,2026-06-27,20260627,bla,blaSHV,matrix_unclear,5,25,reported detection only; not prevalence denominator
v1.0,2026-06-27,20260627,bla,blaNDM,matrix_unclear,5,18,reported detection only; not prevalence denominator
v1.0,2026-06-27,20260627,bla,blaKPC,influent,5,16,reported detection only; not prevalence denominator
v1.0,2026-06-27,20260627,tet,tetG,final_effluent,5,16,reported detection only; not prevalence denominator
v1.0,2026-06-27,20260627,tet,tetX,final_effluent,5,15,reported detection only; not prevalence denominator
v1.0,2026-06-27,20260627,bla,blaOXA,matrix_unclear,5,14,reported detection only; not prevalence denominator
v1.0,2026-06-27,20260627,erm,mefA,matrix_unclear,5,12,reported detection only; not prevalence denominator
v1.0,2026-06-27,20260627,qnr,qnrA,matrix_unclear,5,11,reported detection only; not prevalence denominator
v1.0,2026-06-27,20260627,sul,sul2,other_known,5,10,reported detection only; not prevalence denominator
v1.0,2026-06-27,20260627,bla,blaVIM,matrix_unclear,5,8,reported detection only; not prevalence denominator
v1.0,2026-06-27,20260627,tet,tetB,final_effluent,5,7,reported detection only; not prevalence denominator
v1.0,2026-06-27,20260627,tet,tetQ,final_effluent,5,7,reported detection only; not prevalence denominator
v1.0,2026-06-27,20260627,tet,tetB,influent,5,6,reported detection only; not prevalence denominator
v1.0,2026-06-27,20260627,bla,blaVIM,final_effluent,5,5,reported detection only; not prevalence denominator
v1.0,2026-06-27,20260627,other,dfrA1,matrix_unclear,4,43,reported detection only; not prevalence denominator
v1.0,2026-06-27,20260627,bla,blaGES,matrix_unclear,4,18,reported detection only; not prevalence denominator
v1.0,2026-06-27,20260627,bla,ampC,final_effluent,4,16,reported detection only; not prevalence denominator
v1.0,2026-06-27,20260627,tet,tetG,influent,4,15,reported detection only; not prevalence denominator
v1.0,2026-06-27,20260627,tet,tetG,sludge,4,15,reported detection only; not prevalence denominator
v1.0,2026-06-27,20260627,bla,blaNDM-1,matrix_unclear,4,13,reported detection only; not prevalence denominator
v1.0,2026-06-27,20260627,qnr,qnrB,final_effluent,4,13,reported detection only; not prevalence denominator
v1.0,2026-06-27,20260627,bla,blaIMP,matrix_unclear,4,12,reported detection only; not prevalence denominator
v1.0,2026-06-27,20260627,other,vanA,final_effluent,4,12,reported detection only; not prevalence denominator
v1.0,2026-06-27,20260627,erm,ermB,other_known,4,11,reported detection only; not prevalence denominator
v1.0,2026-06-27,20260627,erm,mphE,matrix_unclear,4,11,reported detection only; not prevalence denominator
v1.0,2026-06-27,20260627,other,aadA,matrix_unclear,4,11,reported detection only; not prevalence denominator
v1.0,2026-06-27,20260627,erm,macB,matrix_unclear,4,9,reported detection only; not prevalence denominator
v1.0,2026-06-27,20260627,bla,blaOXA-58,final_effluent,4,8,reported detection only; not prevalence denominator
v1.0,2026-06-27,20260627,bla,blaIMP,final_effluent,4,6,reported detection only; not prevalence denominator
v1.0,2026-06-27,20260627,bla,mecA,matrix_unclear,4,6,reported detection only; not prevalence denominator
v1.0,2026-06-27,20260627,bla,blaNDM,final_effluent,4,5,reported detection only; not prevalence denominator
v1.0,2026-06-27,20260627,tet,tetX,secondary_effluent,4,5,reported detection only; not prevalence denominator
v1.0,2026-06-27,20260627,bla,blaCTX-M-32,final_effluent,4,4,reported detection only; not prevalence denominator
v1.0,2026-06-27,20260627,other,intI3,influent,4,4,reported detection only; not prevalence denominator
v1.0,2026-06-27,20260627,bla,blaOXA-10,matrix_unclear,3,15,reported detection only; not prevalence denominator
v1.0,2026-06-27,20260627,other,mexB,sludge,3,11,reported detection only; not prevalence denominator
v1.0,2026-06-27,20260627,bla,ampC,influent,3,10,reported detection only; not prevalence denominator
v1.0,2026-06-27,20260627,qnr,qnrS,other_known,3,10,reported detection only; not prevalence denominator
v1.0,2026-06-27,20260627,tet,tetM,other_known,3,9,reported detection only; not prevalence denominator
v1.0,2026-06-27,20260627,qnr,qnrB,influent,3,8,reported detection only; not prevalence denominator
v1.0,2026-06-27,20260627,bla,blaTEM,other_known,3,7,reported detection only; not prevalence denominator
v1.0,2026-06-27,20260627,erm,macB,sludge,3,7,reported detection only; not prevalence denominator
v1.0,2026-06-27,20260627,other,mcr-1,final_effluent,3,7,reported detection only; not prevalence denominator
v1.0,2026-06-27,20260627,other,bacA,influent,3,6,reported detection only; not prevalence denominator
v1.0,2026-06-27,20260627,other,bacA,sludge,3,6,reported detection only; not prevalence denominator
v1.0,2026-06-27,20260627,bla,blaCTX-M-32,influent,3,5,reported detection only; not prevalence denominator
v1.0,2026-06-27,20260627,bla,blaCTX-M-32,matrix_unclear,3,5,reported detection only; not prevalence denominator
v1.0,2026-06-27,20260627,bla,blaNDM,influent,3,5,reported detection only; not prevalence denominator
v1.0,2026-06-27,20260627,bla,blaVEB,matrix_unclear,3,5,reported detection only; not prevalence denominator
v1.0,2026-06-27,20260627,bla,blaCTX,influent,3,4,reported detection only; not prevalence denominator
v1.0,2026-06-27,20260627,bla,blaOXA-48,final_effluent,3,4,reported detection only; not prevalence denominator
v1.0,2026-06-27,20260627,bla,blaVIM,influent,3,4,reported detection only; not prevalence denominator
v1.0,2026-06-27,20260627,bla,mecA,influent,3,4,reported detection only; not prevalence denominator
v1.0,2026-06-27,20260627,erm,ereA,matrix_unclear,3,4,reported detection only; not prevalence denominator
v1.0,2026-06-27,20260627,other,aadA2,matrix_unclear,3,4,reported detection only; not prevalence denominator
v1.0,2026-06-27,20260627,other,floR,matrix_unclear,3,4,reported detection only; not prevalence denominator
v1.0,2026-06-27,20260627,tet,tetA,other_known,3,4,reported detection only; not prevalence denominator
v1.0,2026-06-27,20260627,tet,tetC,influent,3,4,reported detection only; not prevalence denominator
v1.0,2026-06-27,20260627,bla,blaCTX-M-32,secondary_effluent,3,3,reported detection only; not prevalence denominator
v1.0,2026-06-27,20260627,bla,blaIMP,influent,3,3,reported detection only; not prevalence denominator
v1.0,2026-06-27,20260627,bla,blaOXA-1,influent,3,3,reported detection only; not prevalence denominator
v1.0,2026-06-27,20260627,other,vanA,secondary_effluent,3,3,reported detection only; not prevalence denominator
v1.0,2026-06-27,20260627,qnr,qnrD,influent,3,3,reported detection only; not prevalence denominator
v1.0,2026-06-27,20260627,tet,tetW,secondary_effluent,3,3,reported detection only; not prevalence denominator
v1.0,2026-06-27,20260627,other,vanHB,matrix_unclear,2,35,reported detection only; not prevalence denominator
v1.0,2026-06-27,20260627,bla,blaKPC-2,matrix_unclear,2,26,reported detection only; not prevalence denominator
v1.0,2026-06-27,20260627,bla,blaNDM-1,secondary_effluent,2,17,reported detection only; not prevalence denominator
v1.0,2026-06-27,20260627,tet,tetX,influent,2,11,reported detection only; not prevalence denominator
v1.0,2026-06-27,20260627,bla,blaOXA-58,matrix_unclear,2,8,reported detection only; not prevalence denominator
v1.0,2026-06-27,20260627,bla,blaOXA-48,matrix_unclear,2,7,reported detection only; not prevalence denominator
v1.0,2026-06-27,20260627,other,intI2,final_effluent,2,7,reported detection only; not prevalence denominator
v1.0,2026-06-27,20260627,tet,tetW,other_known,2,7,reported detection only; not prevalence denominator
v1.0,2026-06-27,20260627,other,intI3,matrix_unclear,2,6,reported detection only; not prevalence denominator
v1.0,2026-06-27,20260627,bla,blaOXA-1,sludge,2,5,reported detection only; not prevalence denominator
v1.0,2026-06-27,20260627,erm,ermF,sludge,2,5,reported detection only; not prevalence denominator
v1.0,2026-06-27,20260627,other,aadA,influent,2,5,reported detection only; not prevalence denominator
v1.0,2026-06-27,20260627,other,vanR,matrix_unclear,2,5,reported detection only; not prevalence denominator
v1.0,2026-06-27,20260627,bla,blaCTX-M,secondary_effluent,2,4,reported detection only; not prevalence denominator
v1.0,2026-06-27,20260627,bla,blaCTX-M,sludge,2,4,reported detection only; not prevalence denominator
v1.0,2026-06-27,20260627,bla,blaGES-1,influent,2,4,reported detection only; not prevalence denominator
v1.0,2026-06-27,20260627,bla,blaOXA-48,influent,2,4,reported detection only; not prevalence denominator
v1.0,2026-06-27,20260627,other,arnA,matrix_unclear,2,4,reported detection only; not prevalence denominator
v1.0,2026-06-27,20260627,other,mcr-1,secondary_effluent,2,4,reported detection only; not prevalence denominator
v1.0,2026-06-27,20260627,other,vanH,matrix_unclear,2,4,reported detection only; not prevalence denominator
v1.0,2026-06-27,20260627,sul,sul3,final_effluent,2,4,reported detection only; not prevalence denominator
v1.0,2026-06-27,20260627,tet,tetPB,sludge,2,4,reported detection only; not prevalence denominator
v1.0,2026-06-27,20260627,bla,blaCMY-2,secondary_effluent,2,3,reported detection only; not prevalence denominator
v1.0,2026-06-27,20260627,bla,blaCTX-M-1 group,final_effluent,2,3,reported detection only; not prevalence denominator
v1.0,2026-06-27,20260627,bla,blaKPC-2,final_effluent,2,3,reported detection only; not prevalence denominator
v1.0,2026-06-27,20260627,bla,blaNDM-1,influent,2,3,reported detection only; not prevalence denominator
v1.0,2026-06-27,20260627,bla,blaTEM-2,final_effluent,2,3,reported detection only; not prevalence denominator
v1.0,2026-06-27,20260627,bla,blaVIM,secondary_effluent,2,3,reported detection only; not prevalence denominator
v1.0,2026-06-27,20260627,erm,mefA,sludge,2,3,reported detection only; not prevalence denominator
v1.0,2026-06-27,20260627,other,bacA,final_effluent,2,3,reported detection only; not prevalence denominator
v1.0,2026-06-27,20260627,other,dfrA12,matrix_unclear,2,3,reported detection only; not prevalence denominator
v1.0,2026-06-27,20260627,other,vanB,matrix_unclear,2,3,reported detection only; not prevalence denominator
v1.0,2026-06-27,20260627,other,vanY,matrix_unclear,2,3,reported detection only; not prevalence denominator
v1.0,2026-06-27,20260627,tet,tetE,secondary_effluent,2,3,reported detection only; not prevalence denominator
v1.0,2026-06-27,20260627,bla,blaCMY-2,final_effluent,2,2,reported detection only; not prevalence denominator
v1.0,2026-06-27,20260627,bla,blaFOX,sludge,2,2,reported detection only; not prevalence denominator
v1.0,2026-06-27,20260627,bla,blaGES,sludge,2,2,reported detection only; not prevalence denominator
v1.0,2026-06-27,20260627,bla,blaKPC,sludge,2,2,reported detection only; not prevalence denominator
v1.0,2026-06-27,20260627,bla,blaOXA-58,influent,2,2,reported detection only; not prevalence denominator
v1.0,2026-06-27,20260627,bla,blaSHV,final_effluent,2,2,reported detection only; not prevalence denominator
v1.0,2026-06-27,20260627,erm,ereA,sludge,2,2,reported detection only; not prevalence denominator
v1.0,2026-06-27,20260627,erm,ermF,influent,2,2,reported detection only; not prevalence denominator
v1.0,2026-06-27,20260627,erm,ermF,secondary_effluent,2,2,reported detection only; not prevalence denominator
v1.0,2026-06-27,20260627,erm,mphB,influent,2,2,reported detection only; not prevalence denominator
v1.0,2026-06-27,20260627,other,cmlA,matrix_unclear,2,2,reported detection only; not prevalence denominator
v1.0,2026-06-27,20260627,other,mcr-1,sludge,2,2,reported detection only; not prevalence denominator
v1.0,2026-06-27,20260627,other,mexB,matrix_unclear,2,2,reported detection only; not prevalence denominator
v1.0,2026-06-27,20260627,other,mexF,influent,2,2,reported detection only; not prevalence denominator
v1.0,2026-06-27,20260627,other,vanA,sludge,2,2,reported detection only; not prevalence denominator
v1.0,2026-06-27,20260627,other,vanB,influent,2,2,reported detection only; not prevalence denominator
v1.0,2026-06-27,20260627,other,vanB,secondary_effluent,2,2,reported detection only; not prevalence denominator
v1.0,2026-06-27,20260627,qnr,aac(6')-Ib-cr,sludge,2,2,reported detection only; not prevalence denominator
v1.0,2026-06-27,20260627,sul,sul3,influent,2,2,reported detection only; not prevalence denominator
v1.0,2026-06-27,20260627,tet,tetB,secondary_effluent,2,2,reported detection only; not prevalence denominator
v1.0,2026-06-27,20260627,tet,tetG,secondary_effluent,2,2,reported detection only; not prevalence denominator
v1.0,2026-06-27,20260627,tet,tetO,secondary_effluent,2,2,reported detection only; not prevalence denominator
v1.0,2026-06-27,20260627,tet,tet32,matrix_unclear,1,37,reported detection only; not prevalence denominator
v1.0,2026-06-27,20260627,bla,cepA,matrix_unclear,1,32,reported detection only; not prevalence denominator
v1.0,2026-06-27,20260627,tet,tet39,matrix_unclear,1,32,reported detection only; not prevalence denominator
v1.0,2026-06-27,20260627,bla,blaKPC-2,other_known,1,15,reported detection only; not prevalence denominator
v1.0,2026-06-27,20260627,bla,blaVIM-1,matrix_unclear,1,15,reported detection only; not prevalence denominator
v1.0,2026-06-27,20260627,other,pB10,sludge,1,14,reported detection only; not prevalence denominator
v1.0,2026-06-27,20260627,other,nptII,matrix_unclear,1,13,reported detection only; not prevalence denominator
v1.0,2026-06-27,20260627,bla,blaPSE-1,matrix_unclear,1,12,reported detection only; not prevalence denominator
v1.0,2026-06-27,20260627,bla,blaVIM-1,influent,1,9,reported detection only; not prevalence denominator
v1.0,2026-06-27,20260627,bla,blaVIM-1,final_effluent,1,8,reported detection only; not prevalence denominator
v1.0,2026-06-27,20260627,bla,ampC-04,matrix_unclear,1,7,reported detection only; not prevalence denominator
v1.0,2026-06-27,20260627,other,aph(3'),matrix_unclear,1,7,reported detection only; not prevalence denominator
v1.0,2026-06-27,20260627,other,mexF,sludge,1,7,reported detection only; not prevalence denominator
v1.0,2026-06-27,20260627,qnr,qnrS2,matrix_unclear,1,7,reported detection only; not prevalence denominator
v1.0,2026-06-27,20260627,sul,sul3,sludge,1,7,reported detection only; not prevalence denominator
v1.0,2026-06-27,20260627,bla,blaOXA-48-like,matrix_unclear,1,6,reported detection only; not prevalence denominator
v1.0,2026-06-27,20260627,erm,ermG,matrix_unclear,1,6,reported detection only; not prevalence denominator
v1.0,2026-06-27,20260627,other,pB10,other_known,1,6,reported detection only; not prevalence denominator
v1.0,2026-06-27,20260627,tet,tetG-01,sludge,1,6,reported detection only; not prevalence denominator
v1.0,2026-06-27,20260627,other,fabI,sludge,1,5,reported detection only; not prevalence denominator
v1.0,2026-06-27,20260627,bla,blaKPC,other_known,1,4,reported detection only; not prevalence denominator
v1.0,2026-06-27,20260627,bla,blaPER,final_effluent,1,4,reported detection only; not prevalence denominator
v1.0,2026-06-27,20260627,bla,blaSHV,influent,1,4,reported detection only; not prevalence denominator
v1.0,2026-06-27,20260627,bla,blaTEM-1,final_effluent,1,4,reported detection only; not prevalence denominator
v1.0,2026-06-27,20260627,bla,blaTEM-2,matrix_unclear,1,4,reported detection only; not prevalence denominator
v1.0,2026-06-27,20260627,erm,ereD,sludge,1,4,reported detection only; not prevalence denominator
v1.0,2026-06-27,20260627,other,OXA,final_effluent,1,4,reported detection only; not prevalence denominator
v1.0,2026-06-27,20260627,other,OXA,sludge,1,4,reported detection only; not prevalence denominator
v1.0,2026-06-27,20260627,other,aac(3)-II,final_effluent,1,4,reported detection only; not prevalence denominator
v1.0,2026-06-27,20260627,other,aph(3'),other_known,1,4,reported detection only; not prevalence denominator
v1.0,2026-06-27,20260627,other,aphA,matrix_unclear,1,4,reported detection only; not prevalence denominator
v1.0,2026-06-27,20260627,other,mexF,matrix_unclear,1,4,reported detection only; not prevalence denominator
v1.0,2026-06-27,20260627,other,qacE,sludge,1,4,reported detection only; not prevalence denominator
v1.0,2026-06-27,20260627,tet,tet33,sludge,1,4,reported detection only; not prevalence denominator
v1.0,2026-06-27,20260627,tet,tetG-01,matrix_unclear,1,4,reported detection only; not prevalence denominator
v1.0,2026-06-27,20260627,bla,blaCTX-M-1 group,influent,1,3,reported detection only; not prevalence denominator
v1.0,2026-06-27,20260627,bla,blaIND,matrix_unclear,1,3,reported detection only; not prevalence denominator
v1.0,2026-06-27,20260627,bla,blaOXA,other_known,1,3,reported detection only; not prevalence denominator
v1.0,2026-06-27,20260627,bla,blaOXA-1,matrix_unclear,1,3,reported detection only; not prevalence denominator
v1.0,2026-06-27,20260627,bla,blaOXA-10,sludge,1,3,reported detection only; not prevalence denominator
v1.0,2026-06-27,20260627,bla,blaOXA-2,sludge,1,3,reported detection only; not prevalence denominator
v1.0,2026-06-27,20260627,bla,blaOXA-211,matrix_unclear,1,3,reported detection only; not prevalence denominator
v1.0,2026-06-27,20260627,bla,blaOXA-48-like,influent,1,3,reported detection only; not prevalence denominator
v1.0,2026-06-27,20260627,bla,blaTEM-1,secondary_effluent,1,3,reported detection only; not prevalence denominator
v1.0,2026-06-27,20260627,bla,cfxA,matrix_unclear,1,3,reported detection only; not prevalence denominator
v1.0,2026-06-27,20260627,erm,mphG,matrix_unclear,1,3,reported detection only; not prevalence denominator
v1.0,2026-06-27,20260627,other,aph(6)-I,matrix_unclear,1,3,reported detection only; not prevalence denominator
v1.0,2026-06-27,20260627,other,mexM/mexN,matrix_unclear,1,3,reported detection only; not prevalence denominator
v1.0,2026-06-27,20260627,other,mexW,matrix_unclear,1,3,reported detection only; not prevalence denominator
v1.0,2026-06-27,20260627,other,qacE,final_effluent,1,3,reported detection only; not prevalence denominator
v1.0,2026-06-27,20260627,other,vanRA,matrix_unclear,1,3,reported detection only; not prevalence denominator
v1.0,2026-06-27,20260627,other,vanRB,matrix_unclear,1,3,reported detection only; not prevalence denominator
v1.0,2026-06-27,20260627,other,vanRC,matrix_unclear,1,3,reported detection only; not prevalence denominator
v1.0,2026-06-27,20260627,other,vanRE,matrix_unclear,1,3,reported detection only; not prevalence denominator
v1.0,2026-06-27,20260627,other,vanRG,matrix_unclear,1,3,reported detection only; not prevalence denominator
v1.0,2026-06-27,20260627,other,vanSA,matrix_unclear,1,3,reported detection only; not prevalence denominator
v1.0,2026-06-27,20260627,other,vanSD,matrix_unclear,1,3,reported detection only; not prevalence denominator
v1.0,2026-06-27,20260627,other,vanSD,sludge,1,3,reported detection only; not prevalence denominator
v1.0,2026-06-27,20260627,qnr,qnrA,final_effluent,1,3,reported detection only; not prevalence denominator
v1.0,2026-06-27,20260627,qnr,qnrC,matrix_unclear,1,3,reported detection only; not prevalence denominator
v1.0,2026-06-27,20260627,tet,tet37,matrix_unclear,1,3,reported detection only; not prevalence denominator
v1.0,2026-06-27,20260627,tet,tetA-02,matrix_unclear,1,3,reported detection only; not prevalence denominator
v1.0,2026-06-27,20260627,tet,tetPA,matrix_unclear,1,3,reported detection only; not prevalence denominator
v1.0,2026-06-27,20260627,tet,tetPB,matrix_unclear,1,3,reported detection only; not prevalence denominator
v1.0,2026-06-27,20260627,tet,tetT,matrix_unclear,1,3,reported detection only; not prevalence denominator
v1.0,2026-06-27,20260627,tet,tetZ,matrix_unclear,1,3,reported detection only; not prevalence denominator
v1.0,2026-06-27,20260627,bla,BlaRTG-2,influent,1,2,reported detection only; not prevalence denominator
v1.0,2026-06-27,20260627,bla,bla nps-1,sludge,1,2,reported detection only; not prevalence denominator
v1.0,2026-06-27,20260627,bla,blaBEL-1,matrix_unclear,1,2,reported detection only; not prevalence denominator
v1.0,2026-06-27,20260627,bla,blaCTX-M-32,sludge,1,2,reported detection only; not prevalence denominator
v1.0,2026-06-27,20260627,bla,blaCTX-M-9,matrix_unclear,1,2,reported detection only; not prevalence denominator
v1.0,2026-06-27,20260627,bla,blaCphA,matrix_unclear,1,2,reported detection only; not prevalence denominator
v1.0,2026-06-27,20260627,bla,blaFOX,matrix_unclear,1,2,reported detection only; not prevalence denominator
v1.0,2026-06-27,20260627,bla,blaGES-14,matrix_unclear,1,2,reported detection only; not prevalence denominator
v1.0,2026-06-27,20260627,bla,blaM-1,final_effluent,1,2,reported detection only; not prevalence denominator
v1.0,2026-06-27,20260627,bla,blaOXA genes,matrix_unclear,1,2,reported detection only; not prevalence denominator
v1.0,2026-06-27,20260627,bla,blaOXA-23,matrix_unclear,1,2,reported detection only; not prevalence denominator
v1.0,2026-06-27,20260627,bla,blaOXA-900,matrix_unclear,1,2,reported detection only; not prevalence denominator
v1.0,2026-06-27,20260627,bla,blaOXA-A,sludge,1,2,reported detection only; not prevalence denominator
v1.0,2026-06-27,20260627,bla,blaPBP-1B,matrix_unclear,1,2,reported detection only; not prevalence denominator
v1.0,2026-06-27,20260627,bla,blaPER,influent,1,2,reported detection only; not prevalence denominator
v1.0,2026-06-27,20260627,bla,blaSFH,matrix_unclear,1,2,reported detection only; not prevalence denominator
v1.0,2026-06-27,20260627,bla,blaTEM-1,matrix_unclear,1,2,reported detection only; not prevalence denominator
v1.0,2026-06-27,20260627,bla,blaTEM-1,sludge,1,2,reported detection only; not prevalence denominator
v1.0,2026-06-27,20260627,bla,mecA,final_effluent,1,2,reported detection only; not prevalence denominator
v1.0,2026-06-27,20260627,erm,erm36,matrix_unclear,1,2,reported detection only; not prevalence denominator
v1.0,2026-06-27,20260627,erm,ermTR,matrix_unclear,1,2,reported detection only; not prevalence denominator
v1.0,2026-06-27,20260627,erm,mefC,sludge,1,2,reported detection only; not prevalence denominator
v1.0,2026-06-27,20260627,erm,mphE,final_effluent,1,2,reported detection only; not prevalence denominator
v1.0,2026-06-27,20260627,intI1,intI1/16S rRNA,matrix_unclear,1,2,reported detection only; not prevalence denominator
v1.0,2026-06-27,20260627,other,APH gene,final_effluent,1,2,reported detection only; not prevalence denominator
v1.0,2026-06-27,20260627,other,APH gene,influent,1,2,reported detection only; not prevalence denominator
v1.0,2026-06-27,20260627,other,IMP-37,matrix_unclear,1,2,reported detection only; not prevalence denominator
v1.0,2026-06-27,20260627,other,IS6100,matrix_unclear,1,2,reported detection only; not prevalence denominator
v1.0,2026-06-27,20260627,other,IncQ2,matrix_unclear,1,2,reported detection only; not prevalence denominator
v1.0,2026-06-27,20260627,other,Kpc3,matrix_unclear,1,2,reported detection only; not prevalence denominator
v1.0,2026-06-27,20260627,other,OXA-36,sludge,1,2,reported detection only; not prevalence denominator
v1.0,2026-06-27,20260627,other,OXA58,matrix_unclear,1,2,reported detection only; not prevalence denominator
v1.0,2026-06-27,20260627,other,aac(6')-Ib,matrix_unclear,1,2,reported detection only; not prevalence denominator
v1.0,2026-06-27,20260627,other,aph(3')-Ib,final_effluent,1,2,reported detection only; not prevalence denominator
v1.0,2026-06-27,20260627,other,aphA,final_effluent,1,2,reported detection only; not prevalence denominator
v1.0,2026-06-27,20260627,other,dfrA12,sludge,1,2,reported detection only; not prevalence denominator
v1.0,2026-06-27,20260627,other,intI2,other_known,1,2,reported detection only; not prevalence denominator
v1.0,2026-06-27,20260627,other,korB,matrix_unclear,1,2,reported detection only; not prevalence denominator
v1.0,2026-06-27,20260627,other,mcr-9,final_effluent,1,2,reported detection only; not prevalence denominator
v1.0,2026-06-27,20260627,other,mexC,matrix_unclear,1,2,reported detection only; not prevalence denominator
v1.0,2026-06-27,20260627,other,mexV,matrix_unclear,1,2,reported detection only; not prevalence denominator
v1.0,2026-06-27,20260627,other,mexY,matrix_unclear,1,2,reported detection only; not prevalence denominator
v1.0,2026-06-27,20260627,other,mexZ,matrix_unclear,1,2,reported detection only; not prevalence denominator
v1.0,2026-06-27,20260627,other,mphD,influent,1,2,reported detection only; not prevalence denominator
v1.0,2026-06-27,20260627,other,nptII,sludge,1,2,reported detection only; not prevalence denominator
v1.0,2026-06-27,20260627,other,shv34,matrix_unclear,1,2,reported detection only; not prevalence denominator
v1.0,2026-06-27,20260627,other,tnpA,matrix_unclear,1,2,reported detection only; not prevalence denominator
v1.0,2026-06-27,20260627,other,tnpA,sludge,1,2,reported detection only; not prevalence denominator
v1.0,2026-06-27,20260627,other,tnpA-03,matrix_unclear,1,2,reported detection only; not prevalence denominator
v1.0,2026-06-27,20260627,other,tnpA-05,matrix_unclear,1,2,reported detection only; not prevalence denominator
v1.0,2026-06-27,20260627,other,vanD,matrix_unclear,1,2,reported detection only; not prevalence denominator
v1.0,2026-06-27,20260627,other,vanX,matrix_unclear,1,2,reported detection only; not prevalence denominator
v1.0,2026-06-27,20260627,qnr,oqxA,matrix_unclear,1,2,reported detection only; not prevalence denominator
v1.0,2026-06-27,20260627,qnr,qepA,final_effluent,1,2,reported detection only; not prevalence denominator
v1.0,2026-06-27,20260627,qnr,qnr,matrix_unclear,1,2,reported detection only; not prevalence denominator
v1.0,2026-06-27,20260627,qnr,qnrB,secondary_effluent,1,2,reported detection only; not prevalence denominator
v1.0,2026-06-27,20260627,qnr,qnrS2,sludge,1,2,reported detection only; not prevalence denominator
v1.0,2026-06-27,20260627,sul,sul1/16S,matrix_unclear,1,2,reported detection only; not prevalence denominator
v1.0,2026-06-27,20260627,sul,sul3,secondary_effluent,1,2,reported detection only; not prevalence denominator
v1.0,2026-06-27,20260627,sul,sulI/16S,matrix_unclear,1,2,reported detection only; not prevalence denominator
v1.0,2026-06-27,20260627,tet,tet(33),influent,1,2,reported detection only; not prevalence denominator
v1.0,2026-06-27,20260627,tet,tet(L),sludge,1,2,reported detection only; not prevalence denominator
v1.0,2026-06-27,20260627,tet,tet(M-W-O-S),matrix_unclear,1,2,reported detection only; not prevalence denominator
v1.0,2026-06-27,20260627,tet,tetA/16S rRNA,matrix_unclear,1,2,reported detection only; not prevalence denominator
v1.0,2026-06-27,20260627,tet,tetB/16S rRNA,matrix_unclear,1,2,reported detection only; not prevalence denominator
v1.0,2026-06-27,20260627,tet,tetC,secondary_effluent,1,2,reported detection only; not prevalence denominator
v1.0,2026-06-27,20260627,tet,tetPB-03,matrix_unclear,1,2,reported detection only; not prevalence denominator
v1.0,2026-06-27,20260627,tet,tetR,matrix_unclear,1,2,reported detection only; not prevalence denominator
v1.0,2026-06-27,20260627,tet,tetV,matrix_unclear,1,2,reported detection only; not prevalence denominator
v1.0,2026-06-27,20260627,bla,ampC,other_known,1,1,reported detection only; not prevalence denominator
v1.0,2026-06-27,20260627,bla,ampC-04,secondary_effluent,1,1,reported detection only; not prevalence denominator
v1.0,2026-06-27,20260627,bla,bla nps-1,final_effluent,1,1,reported detection only; not prevalence denominator
v1.0,2026-06-27,20260627,bla,bla nps-1,influent,1,1,reported detection only; not prevalence denominator
v1.0,2026-06-27,20260627,bla,blaA,matrix_unclear,1,1,reported detection only; not prevalence denominator
v1.0,2026-06-27,20260627,bla,blaACT-MIR,final_effluent,1,1,reported detection only; not prevalence denominator
v1.0,2026-06-27,20260627,bla,blaACT-MIR,matrix_unclear,1,1,reported detection only; not prevalence denominator
v1.0,2026-06-27,20260627,bla,blaACT-MIR,sludge,1,1,reported detection only; not prevalence denominator
v1.0,2026-06-27,20260627,bla,blaCMY,matrix_unclear,1,1,reported detection only; not prevalence denominator
v1.0,2026-06-27,20260627,bla,blaCMY-2,influent,1,1,reported detection only; not prevalence denominator
v1.0,2026-06-27,20260627,bla,blaCMY-2,matrix_unclear,1,1,reported detection only; not prevalence denominator
v1.0,2026-06-27,20260627,bla,blaCMY-2,sludge,1,1,reported detection only; not prevalence denominator
v1.0,2026-06-27,20260627,bla,blaCTX,sludge,1,1,reported detection only; not prevalence denominator
v1.0,2026-06-27,20260627,bla,blaCTX-M-1,final_effluent,1,1,reported detection only; not prevalence denominator
v1.0,2026-06-27,20260627,bla,blaCTX-M-1,matrix_unclear,1,1,reported detection only; not prevalence denominator
v1.0,2026-06-27,20260627,bla,blaCTX-M-1,sludge,1,1,reported detection only; not prevalence denominator
v1.0,2026-06-27,20260627,bla,blaCTX-M-15,influent,1,1,reported detection only; not prevalence denominator
v1.0,2026-06-27,20260627,bla,blaCTX-M-9,final_effluent,1,1,reported detection only; not prevalence denominator
v1.0,2026-06-27,20260627,bla,blaCTX-M-9,sludge,1,1,reported detection only; not prevalence denominator
v1.0,2026-06-27,20260627,bla,blaDHA,final_effluent,1,1,reported detection only; not prevalence denominator
v1.0,2026-06-27,20260627,bla,blaDHA,matrix_unclear,1,1,reported detection only; not prevalence denominator
v1.0,2026-06-27,20260627,bla,blaDHA,sludge,1,1,reported detection only; not prevalence denominator
v1.0,2026-06-27,20260627,bla,blaFOX,final_effluent,1,1,reported detection only; not prevalence denominator
v1.0,2026-06-27,20260627,bla,blaGES,final_effluent,1,1,reported detection only; not prevalence denominator
v1.0,2026-06-27,20260627,bla,blaGES-1,final_effluent,1,1,reported detection only; not prevalence denominator
v1.0,2026-06-27,20260627,bla,blaGES-1,sludge,1,1,reported detection only; not prevalence denominator
v1.0,2026-06-27,20260627,bla,blaIMP-1,final_effluent,1,1,reported detection only; not prevalence denominator
v1.0,2026-06-27,20260627,bla,blaIMP-1,influent,1,1,reported detection only; not prevalence denominator
v1.0,2026-06-27,20260627,bla,blaIMP-1,sludge,1,1,reported detection only; not prevalence denominator
v1.0,2026-06-27,20260627,bla,blaIMP-1 group,final_effluent,1,1,reported detection only; not prevalence denominator
v1.0,2026-06-27,20260627,bla,blaKPC-2,influent,1,1,reported detection only; not prevalence denominator
v1.0,2026-06-27,20260627,bla,blaKPC-2,sludge,1,1,reported detection only; not prevalence denominator
v1.0,2026-06-27,20260627,bla,blaKPC-3,influent,1,1,reported detection only; not prevalence denominator
v1.0,2026-06-27,20260627,bla,blaM-1,influent,1,1,reported detection only; not prevalence denominator
v1.0,2026-06-27,20260627,bla,blaM-1,sludge,1,1,reported detection only; not prevalence denominator
v1.0,2026-06-27,20260627,bla,blaNDM,sludge,1,1,reported detection only; not prevalence denominator
v1.0,2026-06-27,20260627,bla,blaNDM-1,final_effluent,1,1,reported detection only; not prevalence denominator
v1.0,2026-06-27,20260627,bla,blaNDM-1,sludge,1,1,reported detection only; not prevalence denominator
v1.0,2026-06-27,20260627,bla,blaNDM1,matrix_unclear,1,1,reported detection only; not prevalence denominator
v1.0,2026-06-27,20260627,bla,blaOXA,influent,1,1,reported detection only; not prevalence denominator
v1.0,2026-06-27,20260627,bla,blaOXA,secondary_effluent,1,1,reported detection only; not prevalence denominator
v1.0,2026-06-27,20260627,bla,blaOXA-1,final_effluent,1,1,reported detection only; not prevalence denominator
v1.0,2026-06-27,20260627,bla,blaOXA-10,influent,1,1,reported detection only; not prevalence denominator
v1.0,2026-06-27,20260627,bla,blaOXA-10,secondary_effluent,1,1,reported detection only; not prevalence denominator
v1.0,2026-06-27,20260627,bla,blaOXA-23,final_effluent,1,1,reported detection only; not prevalence denominator
v1.0,2026-06-27,20260627,bla,blaOXA-48,secondary_effluent,1,1,reported detection only; not prevalence denominator
v1.0,2026-06-27,20260627,bla,blaOXA-48,sludge,1,1,reported detection only; not prevalence denominator
v1.0,2026-06-27,20260627,bla,blaOXA-58,sludge,1,1,reported detection only; not prevalence denominator
v1.0,2026-06-27,20260627,bla,blaOXA-A,matrix_unclear,1,1,reported detection only; not prevalence denominator
v1.0,2026-06-27,20260627,bla,blaPBP-1A,matrix_unclear,1,1,reported detection only; not prevalence denominator
v1.0,2026-06-27,20260627,bla,blaPSE,secondary_effluent,1,1,reported detection only; not prevalence denominator
v1.0,2026-06-27,20260627,bla,blaSHV/TEM,matrix_unclear,1,1,reported detection only; not prevalence denominator
v1.0,2026-06-27,20260627,bla,blaTEM-1D,final_effluent,1,1,reported detection only; not prevalence denominator
v1.0,2026-06-27,20260627,bla,blaTEM-2,influent,1,1,reported detection only; not prevalence denominator
v1.0,2026-06-27,20260627,bla,blaVEB,sludge,1,1,reported detection only; not prevalence denominator
v1.0,2026-06-27,20260627,bla,blaVIM,sludge,1,1,reported detection only; not prevalence denominator
v1.0,2026-06-27,20260627,bla,blaVIM-1,secondary_effluent,1,1,reported detection only; not prevalence denominator
v1.0,2026-06-27,20260627,bla,cfxA,influent,1,1,reported detection only; not prevalence denominator
v1.0,2026-06-27,20260627,bla,cfxA,secondary_effluent,1,1,reported detection only; not prevalence denominator
v1.0,2026-06-27,20260627,erm,ereA,influent,1,1,reported detection only; not prevalence denominator
v1.0,2026-06-27,20260627,erm,ereA,secondary_effluent,1,1,reported detection only; not prevalence denominator
v1.0,2026-06-27,20260627,erm,erm(A),final_effluent,1,1,reported detection only; not prevalence denominator
v1.0,2026-06-27,20260627,erm,erm(A),influent,1,1,reported detection only; not prevalence denominator
v1.0,2026-06-27,20260627,erm,erm(C),final_effluent,1,1,reported detection only; not prevalence denominator
v1.0,2026-06-27,20260627,erm,erm36,secondary_effluent,1,1,reported detection only; not prevalence denominator
v1.0,2026-06-27,20260627,erm,ermA,final_effluent,1,1,reported detection only; not prevalence denominator
v1.0,2026-06-27,20260627,erm,ermA,influent,1,1,reported detection only; not prevalence denominator
v1.0,2026-06-27,20260627,erm,ermA,matrix_unclear,1,1,reported detection only; not prevalence denominator
v1.0,2026-06-27,20260627,erm,ermA,sludge,1,1,reported detection only; not prevalence denominator
v1.0,2026-06-27,20260627,erm,ermB/16S rRNA,final_effluent,1,1,reported detection only; not prevalence denominator
v1.0,2026-06-27,20260627,erm,ermF,final_effluent,1,1,reported detection only; not prevalence denominator
v1.0,2026-06-27,20260627,erm,macB,final_effluent,1,1,reported detection only; not prevalence denominator
v1.0,2026-06-27,20260627,erm,macB,influent,1,1,reported detection only; not prevalence denominator
v1.0,2026-06-27,20260627,erm,mefA,influent,1,1,reported detection only; not prevalence denominator
v1.0,2026-06-27,20260627,erm,mphB,matrix_unclear,1,1,reported detection only; not prevalence denominator
v1.0,2026-06-27,20260627,intI1,BALOs -> MGE (intI1),matrix_unclear,1,1,reported detection only; not prevalence denominator
v1.0,2026-06-27,20260627,intI1,MGE (intI1) -> ARGs (sul),matrix_unclear,1,1,reported detection only; not prevalence denominator
v1.0,2026-06-27,20260627,intI1,MGE (intI1) -> ARGs (tet),matrix_unclear,1,1,reported detection only; not prevalence denominator
v1.0,2026-06-27,20260627,intI1,biomarker -> MGE (intI1),matrix_unclear,1,1,reported detection only; not prevalence denominator
v1.0,2026-06-27,20260627,intI1,e-intI1,matrix_unclear,1,1,reported detection only; not prevalence denominator
v1.0,2026-06-27,20260627,intI1,"intI1, sul and 16S rRNA",matrix_unclear,1,1,reported detection only; not prevalence denominator
v1.0,2026-06-27,20260627,intI1,intI1/(16S rRNA genes),influent,1,1,reported detection only; not prevalence denominator
v1.0,2026-06-27,20260627,intI1,intI1/(16S rRNA genes),secondary_effluent,1,1,reported detection only; not prevalence denominator
v1.0,2026-06-27,20260627,other,"16S rDNA, MGEs, ARGs",influent,1,1,reported detection only; not prevalence denominator
v1.0,2026-06-27,20260627,other,AAC(6’)-Ib9,influent,1,1,reported detection only; not prevalence denominator
v1.0,2026-06-27,20260627,other,APH(3'')-b,matrix_unclear,1,1,reported detection only; not prevalence denominator
v1.0,2026-06-27,20260627,other,ARG richness increase,other_known,1,1,reported detection only; not prevalence denominator
v1.0,2026-06-27,20260627,other,CTX-M,secondary_effluent,1,1,reported detection only; not prevalence denominator
v1.0,2026-06-27,20260627,other,GES-15,matrix_unclear,1,1,reported detection only; not prevalence denominator
v1.0,2026-06-27,20260627,other,GES-5,influent,1,1,reported detection only; not prevalence denominator
v1.0,2026-06-27,20260627,other,ISCR,sludge,1,1,reported detection only; not prevalence denominator
v1.0,2026-06-27,20260627,other,IncF,influent,1,1,reported detection only; not prevalence denominator
v1.0,2026-06-27,20260627,other,MexD,other_known,1,1,reported detection only; not prevalence denominator
v1.0,2026-06-27,20260627,other,MexJ,sludge,1,1,reported detection only; not prevalence denominator
v1.0,2026-06-27,20260627,other,MexK,other_known,1,1,reported detection only; not prevalence denominator
v1.0,2026-06-27,20260627,other,MexV,final_effluent,1,1,reported detection only; not prevalence denominator
v1.0,2026-06-27,20260627,other,MexV,other_known,1,1,reported detection only; not prevalence denominator
v1.0,2026-06-27,20260627,other,NDM,influent,1,1,reported detection only; not prevalence denominator
v1.0,2026-06-27,20260627,other,NDM genes,matrix_unclear,1,1,reported detection only; not prevalence denominator
v1.0,2026-06-27,20260627,other,OXA,matrix_unclear,1,1,reported detection only; not prevalence denominator
v1.0,2026-06-27,20260627,other,OXA48,matrix_unclear,1,1,reported detection only; not prevalence denominator
v1.0,2026-06-27,20260627,other,TEM-2,sludge,1,1,reported detection only; not prevalence denominator
v1.0,2026-06-27,20260627,other,Vanadium,final_effluent,1,1,reported detection only; not prevalence denominator
v1.0,2026-06-27,20260627,other,Vanadium,influent,1,1,reported detection only; not prevalence denominator
v1.0,2026-06-27,20260627,other,aac(6')-I,matrix_unclear,1,1,reported detection only; not prevalence denominator
v1.0,2026-06-27,20260627,other,aac(6')-Ib,influent,1,1,reported detection only; not prevalence denominator
v1.0,2026-06-27,20260627,other,aac(6′)-Ib-cr,final_effluent,1,1,reported detection only; not prevalence denominator
v1.0,2026-06-27,20260627,other,aac(6′)-Ib-cr,secondary_effluent,1,1,reported detection only; not prevalence denominator
v1.0,2026-06-27,20260627,other,aadA1,secondary_effluent,1,1,reported detection only; not prevalence denominator
v1.0,2026-06-27,20260627,other,aadA12,matrix_unclear,1,1,reported detection only; not prevalence denominator
v1.0,2026-06-27,20260627,other,aadA2,other_known,1,1,reported detection only; not prevalence denominator
v1.0,2026-06-27,20260627,other,aadA22,sludge,1,1,reported detection only; not prevalence denominator
v1.0,2026-06-27,20260627,other,aadA3,sludge,1,1,reported detection only; not prevalence denominator
v1.0,2026-06-27,20260627,other,aadA5,matrix_unclear,1,1,reported detection only; not prevalence denominator
v1.0,2026-06-27,20260627,other,aadA7,matrix_unclear,1,1,reported detection only; not prevalence denominator
v1.0,2026-06-27,20260627,other,ampC gene,matrix_unclear,1,1,reported detection only; not prevalence denominator
v1.0,2026-06-27,20260627,other,ampC genes,matrix_unclear,1,1,reported detection only; not prevalence denominator
v1.0,2026-06-27,20260627,other,aph(3'')-I,influent,1,1,reported detection only; not prevalence denominator
v1.0,2026-06-27,20260627,other,aph(3'),final_effluent,1,1,reported detection only; not prevalence denominator
v1.0,2026-06-27,20260627,other,aph(3')-I,matrix_unclear,1,1,reported detection only; not prevalence denominator
v1.0,2026-06-27,20260627,other,aph(6)-Id,matrix_unclear,1,1,reported detection only; not prevalence denominator
v1.0,2026-06-27,20260627,other,aph6Id,sludge,1,1,reported detection only; not prevalence denominator
v1.0,2026-06-27,20260627,other,arnA,other_known,1,1,reported detection only; not prevalence denominator
v1.0,2026-06-27,20260627,other,bexA,influent,1,1,reported detection only; not prevalence denominator
v1.0,2026-06-27,20260627,other,bexA,secondary_effluent,1,1,reported detection only; not prevalence denominator
v1.0,2026-06-27,20260627,other,cmlA,influent,1,1,reported detection only; not prevalence denominator
v1.0,2026-06-27,20260627,other,dfrA,influent,1,1,reported detection only; not prevalence denominator
v1.0,2026-06-27,20260627,other,dfrA1,final_effluent,1,1,reported detection only; not prevalence denominator
v1.0,2026-06-27,20260627,other,dfrA1,secondary_effluent,1,1,reported detection only; not prevalence denominator
v1.0,2026-06-27,20260627,other,dfrA12,final_effluent,1,1,reported detection only; not prevalence denominator
v1.0,2026-06-27,20260627,other,dfrA12,influent,1,1,reported detection only; not prevalence denominator
v1.0,2026-06-27,20260627,other,dfrA15,secondary_effluent,1,1,reported detection only; not prevalence denominator
v1.0,2026-06-27,20260627,other,dfrA3,other_known,1,1,reported detection only; not prevalence denominator
v1.0,2026-06-27,20260627,other,ereB,matrix_unclear,1,1,reported detection only; not prevalence denominator
v1.0,2026-06-27,20260627,other,floR,influent,1,1,reported detection only; not prevalence denominator
v1.0,2026-06-27,20260627,other,floR,secondary_effluent,1,1,reported detection only; not prevalence denominator
v1.0,2026-06-27,20260627,other,int2,matrix_unclear,1,1,reported detection only; not prevalence denominator
v1.0,2026-06-27,20260627,other,intI2,secondary_effluent,1,1,reported detection only; not prevalence denominator
v1.0,2026-06-27,20260627,other,intI2,sludge,1,1,reported detection only; not prevalence denominator
v1.0,2026-06-27,20260627,other,integrase,matrix_unclear,1,1,reported detection only; not prevalence denominator
v1.0,2026-06-27,20260627,other,integrase genes,matrix_unclear,1,1,reported detection only; not prevalence denominator
v1.0,2026-06-27,20260627,other,korB,final_effluent,1,1,reported detection only; not prevalence denominator
v1.0,2026-06-27,20260627,other,korB,influent,1,1,reported detection only; not prevalence denominator
v1.0,2026-06-27,20260627,other,mcr-2,final_effluent,1,1,reported detection only; not prevalence denominator
v1.0,2026-06-27,20260627,other,mcr-2,matrix_unclear,1,1,reported detection only; not prevalence denominator
v1.0,2026-06-27,20260627,other,mcr-2,sludge,1,1,reported detection only; not prevalence denominator
v1.0,2026-06-27,20260627,other,mcr-5,matrix_unclear,1,1,reported detection only; not prevalence denominator
v1.0,2026-06-27,20260627,other,mexT,influent,1,1,reported detection only; not prevalence denominator
v1.0,2026-06-27,20260627,other,mexW,other_known,1,1,reported detection only; not prevalence denominator
v1.0,2026-06-27,20260627,other,mph(B),influent,1,1,reported detection only; not prevalence denominator
v1.0,2026-06-27,20260627,other,mphA,matrix_unclear,1,1,reported detection only; not prevalence denominator
v1.0,2026-06-27,20260627,other,mphA-1,matrix_unclear,1,1,reported detection only; not prevalence denominator
v1.0,2026-06-27,20260627,other,oxa58,matrix_unclear,1,1,reported detection only; not prevalence denominator
v1.0,2026-06-27,20260627,other,tnpA-04,final_effluent,1,1,reported detection only; not prevalence denominator
v1.0,2026-06-27,20260627,other,tnpA-04,matrix_unclear,1,1,reported detection only; not prevalence denominator
v1.0,2026-06-27,20260627,other,tnpA-04,sludge,1,1,reported detection only; not prevalence denominator
v1.0,2026-06-27,20260627,other,tnpA-05,other_known,1,1,reported detection only; not prevalence denominator
v1.0,2026-06-27,20260627,other,tnpA-05,secondary_effluent,1,1,reported detection only; not prevalence denominator
v1.0,2026-06-27,20260627,other,tnpA-07,matrix_unclear,1,1,reported detection only; not prevalence denominator
v1.0,2026-06-27,20260627,other,tnpA-07,secondary_effluent,1,1,reported detection only; not prevalence denominator
v1.0,2026-06-27,20260627,other,tnpA-3_connected_ARG_subtypes,matrix_unclear,1,1,reported detection only; not prevalence denominator
v1.0,2026-06-27,20260627,other,vanB,final_effluent,1,1,reported detection only; not prevalence denominator
v1.0,2026-06-27,20260627,other,vanB,sludge,1,1,reported detection only; not prevalence denominator
v1.0,2026-06-27,20260627,other,vanRB,other_known,1,1,reported detection only; not prevalence denominator
v1.0,2026-06-27,20260627,other,vanRF,other_known,1,1,reported detection only; not prevalence denominator
v1.0,2026-06-27,20260627,other,vanRF,sludge,1,1,reported detection only; not prevalence denominator
v1.0,2026-06-27,20260627,other,vanRO,matrix_unclear,1,1,reported detection only; not prevalence denominator
v1.0,2026-06-27,20260627,other,vanS,matrix_unclear,1,1,reported detection only; not prevalence denominator
v1.0,2026-06-27,20260627,other,vanSL,other_known,1,1,reported detection only; not prevalence denominator
v1.0,2026-06-27,20260627,other,vanSL,sludge,1,1,reported detection only; not prevalence denominator
v1.0,2026-06-27,20260627,other,vanSM,other_known,1,1,reported detection only; not prevalence denominator
v1.0,2026-06-27,20260627,other,vanT in vanG,matrix_unclear,1,1,reported detection only; not prevalence denominator
v1.0,2026-06-27,20260627,other,vanW in vanI,matrix_unclear,1,1,reported detection only; not prevalence denominator
v1.0,2026-06-27,20260627,other,vanY in vanB,matrix_unclear,1,1,reported detection only; not prevalence denominator
v1.0,2026-06-27,20260627,other,vanYB,matrix_unclear,1,1,reported detection only; not prevalence denominator
v1.0,2026-06-27,20260627,qnr,aac(6')-Ib-cr,secondary_effluent,1,1,reported detection only; not prevalence denominator
v1.0,2026-06-27,20260627,qnr,qepA,matrix_unclear,1,1,reported detection only; not prevalence denominator
v1.0,2026-06-27,20260627,qnr,qepA,secondary_effluent,1,1,reported detection only; not prevalence denominator
v1.0,2026-06-27,20260627,qnr,qnrA,other_known,1,1,reported detection only; not prevalence denominator
v1.0,2026-06-27,20260627,qnr,qnrA,secondary_effluent,1,1,reported detection only; not prevalence denominator
v1.0,2026-06-27,20260627,qnr,qnrA,sludge,1,1,reported detection only; not prevalence denominator
v1.0,2026-06-27,20260627,qnr,qnrS,sludge,1,1,reported detection only; not prevalence denominator
v1.0,2026-06-27,20260627,tet,tet(39),matrix_unclear,1,1,reported detection only; not prevalence denominator
v1.0,2026-06-27,20260627,tet,tet(A-B-C-D),matrix_unclear,1,1,reported detection only; not prevalence denominator
v1.0,2026-06-27,20260627,tet,tet32,influent,1,1,reported detection only; not prevalence denominator
v1.0,2026-06-27,20260627,tet,tet39,influent,1,1,reported detection only; not prevalence denominator
v1.0,2026-06-27,20260627,tet,tetA-02,secondary_effluent,1,1,reported detection only; not prevalence denominator
v1.0,2026-06-27,20260627,tet,tetA60,matrix_unclear,1,1,reported detection only; not prevalence denominator
v1.0,2026-06-27,20260627,tet,tetB,sludge,1,1,reported detection only; not prevalence denominator
v1.0,2026-06-27,20260627,tet,tetD,final_effluent,1,1,reported detection only; not prevalence denominator
v1.0,2026-06-27,20260627,tet,tetD,influent,1,1,reported detection only; not prevalence denominator
v1.0,2026-06-27,20260627,tet,tetE,final_effluent,1,1,reported detection only; not prevalence denominator
v1.0,2026-06-27,20260627,tet,tetE,sludge,1,1,reported detection only; not prevalence denominator
v1.0,2026-06-27,20260627,tet,tetL,final_effluent,1,1,reported detection only; not prevalence denominator
v1.0,2026-06-27,20260627,tet,tetL,influent,1,1,reported detection only; not prevalence denominator
v1.0,2026-06-27,20260627,tet,tetPA,secondary_effluent,1,1,reported detection only; not prevalence denominator
v1.0,2026-06-27,20260627,tet,tetPA,sludge,1,1,reported detection only; not prevalence denominator
v1.0,2026-06-27,20260627,tet,tetPB-03,secondary_effluent,1,1,reported detection only; not prevalence denominator
v1.0,2026-06-27,20260627,tet,tetR,sludge,1,1,reported detection only; not prevalence denominator
v1.0,2026-06-27,20260627,tet,tetS,matrix_unclear,1,1,reported detection only; not prevalence denominator
v1.0,2026-06-27,20260627,tet,tetT,final_effluent,1,1,reported detection only; not prevalence denominator
v1.0,2026-06-27,20260627,tet,tetZ,final_effluent,1,1,reported detection only; not prevalence denominator
