gene_family,matrix_bucket,n_studies_reported_detected,n_rows_reported_detected
tet,influent,45,135
tet,secondary_effluent,26,52
tet,final_effluent,41,140
tet,sludge,40,212
tet,other_known,6,20
tet,matrix_unclear,91,573
sul,influent,64,132
sul,secondary_effluent,31,63
sul,final_effluent,51,128
sul,sludge,32,111
sul,other_known,10,31
sul,matrix_unclear,113,651
bla,influent,42,147
bla,secondary_effluent,19,52
bla,final_effluent,46,171
bla,sludge,19,62
bla,other_known,5,30
bla,matrix_unclear,77,613
intI1,influent,53,88
intI1,secondary_effluent,29,36
intI1,final_effluent,34,76
intI1,sludge,43,80
intI1,other_known,9,23
intI1,matrix_unclear,92,403
erm,influent,26,44
erm,secondary_effluent,9,13
erm,final_effluent,22,58
erm,sludge,22,46
erm,other_known,4,11
erm,matrix_unclear,59,233
qnr,influent,15,23
qnr,secondary_effluent,10,15
qnr,final_effluent,16,37
qnr,sludge,5,6
qnr,other_known,4,11
qnr,matrix_unclear,37,168
other,influent,39,77
other,secondary_effluent,13,19
other,final_effluent,24,58
other,sludge,24,78
other,other_known,7,25
other,matrix_unclear,74,350
