record_id,doi,year,country,city_or_region,system_scale,wastewater_source_type,in_log10_reduction_dataset,n_log10_reduction_rows,removal_gene_families,removal_routes,treatment_4groups,in_liquid_abundance_dataset,n_liquid_abundance_rows,abundance_gene_families,abundance_matrices,COD_status,COD_matrix_type,COD_value_harmonized_numeric,COD_unit_harmonized,BOD_status,BOD_matrix_type,BOD_value_harmonized_numeric,BOD_unit_harmonized,TN_status,TN_matrix_type,TN_value_harmonized_numeric,TN_unit_harmonized,NH4_status,NH4_matrix_type,NH4_value_harmonized_numeric,NH4_unit_harmonized,TP_status,TP_matrix_type,TP_value_harmonized_numeric,TP_unit_harmonized,TSS_status,TSS_matrix_type,TSS_value_harmonized_numeric,TSS_unit_harmonized,pH_status,pH_matrix_type,pH_value_harmonized_numeric,pH_unit_harmonized,scale_correction_note,in_percent_removal_dataset,in_route_layer
R0016,10.1002/wer.1125,2019,China,Wuhan,Full-scale,Agricultural,No,0,,,,Yes,3,other;sul,influent;matrix_unclear,not_reported,,,,not_reported,,,,not_reported,,,,not_reported,,,,not_reported,,,,not_reported,,,,not_reported,,,,,No,No
R0038,10.1007/s11356-025-35988-2,2025,Brazil,Minas Gerais,Pilot-scale,Municipal,No,0,,,,Yes,19,erm;intI1;qnr;sul,final_effluent;influent,not_reported,,,,not_reported,,,,not_reported,,,,not_reported,,,,not_reported,,,,not_reported,,,,not_reported,,,,,No,No
R0052,10.1016/j.envpol.2022.120618,2023,China,southwest China,Full-scale,Agricultural,No,0,sul;tet,animal_manure_to_composted_manure,biological,No,0,,,not_reported,,,,not_reported,,,,not_reported,,,,not_reported,,,,not_reported,,,,not_reported,,,,not_reported,,,,,No,Yes
R0054,10.1016/j.scitotenv.2022.156773,2022,Brazil,southeast region of Brazil,Full-scale,Municipal,Yes,3,intI1;sul;tet,influent_to_final_effluent,disinfection,No,0,,,not_reported,,,,not_reported,,,,not_reported,,,,not_reported,,,,not_reported,,,,not_reported,,,,not_reported,,,,,No,Yes
R0060,10.1016/j.jhazmat.2019.121025,2020,China,Yantai City,Full-scale,Municipal,No,0,,,,Yes,22,erm;intI1;qnr;sul,matrix_unclear;secondary_effluent,not_reported,,,,not_reported,,,,not_reported,,,,not_reported,,,,not_reported,,,,not_reported,,,,not_reported,,,,,No,No
R0064,10.1186/s40793-022-00398-1,2022,Canada,"Winnipeg, Manitoba",Full-scale,Municipal,No,0,,,,Yes,9,intI1;other,matrix_unclear,not_reported,,,,extracted,digestate-sludge,1.0;3.0,mg/L,not_reported,,,,not_reported,,,,not_reported,,,,extracted,digestate-sludge,1.0;3.0,mg/L,not_reported,,,,,No,No
R0080,10.1007/s11356-022-18749-3,2022,Brazil,Minas Gerais,Full-scale,Municipal,No,0,,,,Yes,6,intI1,final_effluent;matrix_unclear,not_reported,,,,not_reported,,,,not_reported,,,,not_reported,,,,not_reported,,,,not_reported,,,,not_reported,,,,,No,No
R0090,10.1016/j.watres.2023.120761,2023,"Multiple countries (Czech Republic, Denmark, Israel, the Netherlands, Portugal)",not reported,Full-scale,Mixed,Yes,2,erm;sul,influent_to_final_effluent,biological,No,0,,,not_reported,,,,not_reported,,,,not_reported,,,,not_reported,,,,not_reported,,,,not_reported,,,,not_reported,,,,,No,Yes
R0098,10.1016/j.jece.2022.109216,2023,China,Shantou,Full-scale,Hospital,No,0,erm;other,influent_to_final_effluent,disinfection,No,0,,,not_reported,,,,not_reported,,,,not_reported,,,,not_reported,,,,not_reported,,,,not_reported,,,,not_reported,,,,,Yes,Yes
R0132,10.1007/s11356-023-31287-w,2024,China,Shanghai,Bench-scale,Municipal,No,0,intI1;sul;tet,biofilm_to_vermicompost;influent_to_final_effluent;vermicompost_to_biofilm,biological,No,0,,,extracted,digestate-sludge,31.0,mg/L,not_reported,,,,not_reported,,,,not_reported,,,,not_reported,,,,extracted,digestate-sludge,31.0;1.74;42.0;31.0;1.0;3533.0,mg/L,not_reported,,,,,No,Yes
R0156,10.1007/s11356-022-24650-w,2023,Italy,North-West of Italy,Full-scale,Municipal,No,0,,,,Yes,2,intI1,matrix_unclear;other_known,not_reported,,,,not_reported,,,,not_reported,,,,not_reported,,,,not_reported,,,,not_reported,,,,not_reported,,,,,No,No
R0170,10.1016/j.jhazmat.2021.127352,2022,China,Harbin,Lab-scale,Industrial,Yes,1,tet,influent_to_final_effluent,biological,Yes,2,intI1,final_effluent,extracted,industrial,4359.67,mg/L,not_reported,,,,not_reported,,,,not_reported,,,,not_reported,,,,not_reported,,,,not_reported,,,,"system_scale corrected to Lab-scale (two laboratory EGSB reactors), author-verified 30 Sep 2026",No,Yes
R0180,10.1007/s41742-023-00552-8,2024,Brazil,Minas Gerais,Full-scale,Agricultural,Yes,2,bla;erm,influent_to_final_effluent,biological,Yes,17,bla;erm;intI1;qnr;sul;tet,final_effluent;matrix_unclear,not_reported,,,,not_reported,,,,not_reported,,,,not_reported,,,,not_reported,,,,not_reported,,,,not_reported,,,,,No,Yes
R0196,10.1016/j.watres.2020.116752,2021,Netherlands,unclear,Full-scale,Municipal,Yes,3,bla;erm;tet,influent_to_final_effluent,biological,No,0,,,not_reported,,,,not_reported,,,,not_reported,,,,not_reported,,,,not_reported,,,,not_reported,,,,not_reported,,,,,No,Yes
R0199,10.1016/j.watres.2014.05.019,2014,Hong Kong,Shatin,Full-scale,Mixed,No,0,tet,influent_to_secondary_effluent,biological,No,0,,,not_reported,,,,not_reported,,,,not_reported,,,,not_reported,,,,not_reported,,,,not_reported,,,,not_reported,,,,,Yes,Yes
R0211,10.1016/j.watres.2022.118571,2022,Netherlands,Utrecht,Full-scale,Municipal,No,0,,,,Yes,9,bla;intI1;qnr;sul;tet,final_effluent,not_reported,,,,not_reported,,,,not_reported,,,,not_reported,,,,not_reported,,,,not_reported,,,,not_reported,,,,,No,No
R0218,10.1093/femsec/fiw060,2016,Germany,Dresden,Full-scale,Municipal,No,0,,,,Yes,12,other;sul,matrix_unclear,not_reported,,,,not_reported,,,,not_reported,,,,not_reported,,,,not_reported,,,,not_reported,,,,not_reported,,,,,No,No
R0236,10.1039/c6ew00322b,2017,Saudi Arabia,Riyadh,Full-scale,Hospital,Yes,3,sul;tet,influent_to_final_effluent,disinfection,No,0,,,not_reported,,,,not_reported,,,,not_reported,,,,not_reported,,,,not_reported,,,,not_reported,,,,not_reported,,,,,No,Yes
R0262,10.1016/j.watres.2019.05.100,2019,Netherlands,62 Dutch WWTPs distributed across the country,Full-scale,Municipal,Yes,7,bla;erm;intI1;qnr;sul;tet,influent_to_final_effluent,biological,Yes,1,bla;erm;intI1;sul,influent,not_reported,,,,not_reported,,,,not_reported,,,,not_reported,,,,not_reported,,,,not_reported,,,,not_reported,,,,,No,Yes
R0267,10.1016/j.envint.2020.105914,2020,Poland,Olsztyn,Full-scale,Municipal,No,0,,,,Yes,9,bla;other,influent;matrix_unclear,not_reported,,,,not_reported,,,,not_reported,,,,not_reported,,,,not_reported,,,,not_reported,,,,not_reported,,,,,No,No
R0268,10.1016/j.chemosphere.2015.10.044,2016,Poland,Łężyca; Zimny Potok River,Full-scale,Mixed,No,0,,,,Yes,32,intI1;sul;tet,final_effluent;influent;matrix_unclear;other_known,not_reported,,,,not_reported,,,,not_reported,,,,not_reported,,,,not_reported,,,,not_reported,,,,not_reported,,,,,No,No
R0272,10.1016/j.envpol.2025.126096,2025,United Kingdom,"Bangor, Kinmel Bay, Wrexham",Full-scale,Municipal,Yes,1,intI1,influent_to_secondary_effluent,disinfection,No,0,,,not_reported,,,,not_reported,,,,not_reported,,,,not_reported,,,,not_reported,,,,not_reported,,,,not_reported,,,,,No,Yes
R0280,10.1061/JHTRBP.HZENG-1601,2026,India,unclear,Bench-scale,Mixed,No,0,intI1;qnr;sul;tet,influent_to_final_effluent,biological,No,0,,,not_reported,,,,not_reported,,,,not_reported,,,,not_reported,,,,not_reported,,,,not_reported,,,,not_reported,,,,,No,Yes
R0293,10.1007/s10661-025-14745-5,2025,Brazil,"São José do Vale do Rio Preto, Rio de Janeiro",Full-scale,Agricultural,Yes,2,sul;tet,influent_to_secondary_effluent,biological,No,0,,,not_reported,,,,not_reported,,,,not_reported,,,,not_reported,,,,not_reported,,,,not_reported,,,,extracted,municipal influent,7.18;7.4,pH,,No,Yes
R0307,10.3389/fmicb.2017.01282,2017,Germany,Multiple municipal WWTPs in Germany,Full-scale,Mixed,No,0,other,influent_to_secondary_effluent,biological,No,0,,,extracted,mixed,441.0;1033.0,mg/L,not_reported,,,,extracted,mixed,36.5;49.5,mg/L,extracted,mixed,64.6,mg/L,extracted,mixed,6.04;14.2,mg/L,not_reported,,,,extracted,mixed,7.33,pH,,No,Yes
R0328,10.1016/j.jenvman.2018.10.073,2019,China,"Hangzhou, southeast China",Full-scale,Livestock,Yes,18,intI1;sul;tet,influent_to_final_effluent;influent_to_secondary_effluent,disinfection;membrane,Yes,6,intI1;sul;tet,matrix_unclear,not_reported,,,,not_reported,,,,not_reported,,,,not_reported,,,,not_reported,,,,not_reported,,,,not_reported,,,,,No,Yes
R0367,10.1016/j.chemosphere.2022.137362,2023,South Korea,Gwangju Metropolitan City,Full-scale,Mixed,No,0,tet,activated_sludge_to_anaerobic_sludge,disinfection,No,0,,,not_reported,,,,not_reported,,,,not_reported,,,,not_reported,,,,not_reported,,,,not_reported,,,,not_reported,,,,,No,Yes
R0411,10.1016/j.envpol.2022.119649,2022,India,Delhi,Full-scale,Municipal,No,0,,,,Yes,3,intI1;other,influent,not_reported,,,,not_reported,,,,not_reported,,,,not_reported,,,,not_reported,,,,not_reported,,,,not_reported,,,,,No,No
R0427,10.1016/j.scitotenv.2024.173217,2024,Italy,central Italy,Full-scale,Municipal,No,0,bla;sul;tet,final_effluent_to_influent,,Yes,7,bla;intI1;sul;tet,influent,not_reported,,,,not_reported,,,,not_reported,,,,not_reported,,,,not_reported,,,,not_reported,,,,not_reported,,,,,No,Yes
R0482,10.2166/wst.2021.088,2021,China,Beijing,Bench-scale,Municipal,No,0,,,,Yes,5,intI1;sul;tet,secondary_effluent,not_reported,,,,not_reported,,,,not_reported,,,,not_reported,,,,not_reported,,,,not_reported,,,,not_reported,,,,,No,No
R0483,10.1016/j.scitotenv.2014.07.024,2014,Taiwan,"Yunlin County, central Taiwan",Full-scale,Livestock,No,0,bla;sul;tet,influent_to_final_effluent,biological,No,0,,,not_reported,,,,not_reported,,,,not_reported,,,,not_reported,,,,not_reported,,,,not_reported,,,,not_reported,,,,,Yes,Yes
R0495,10.1016/j.scitotenv.2020.144176,2021,Poland,Koziegłowy,Full-scale,Municipal,No,0,bla;other,influent_to_final_effluent,biological,Yes,6,bla;other,final_effluent;influent;matrix_unclear,not_reported,,,,not_reported,,,,not_reported,,,,not_reported,,,,not_reported,,,,not_reported,,,,not_reported,,,,,Yes,Yes
R0501,10.1371/journal.pone.0077310,2013,India,"Pune, Maharashtra",Full-scale,Industrial,No,0,,,,Yes,14,intI1;other,matrix_unclear;sludge,not_reported,,,,not_reported,,,,not_reported,,,,not_reported,,,,not_reported,,,,not_reported,,,,not_reported,,,,,No,No
R0504,10.3389/fmicb.2012.00106,2012,Switzerland,Lausanne; Lake Geneva (Vidy Bay),Full-scale,Municipal,No,0,,,,Yes,6,sul,matrix_unclear,not_reported,,,,not_reported,,,,not_reported,,,,not_reported,,,,not_reported,,,,not_reported,,,,not_reported,,,,,No,No
R0505,10.1016/j.envint.2013.01.019,2013,China,"Hangzhou, eastern China",Full-scale,Municipal,No,0,intI1,influent_to_final_effluent,biological,No,0,,,not_reported,,,,not_reported,,,,not_reported,,,,not_reported,,,,not_reported,,,,not_reported,,,,not_reported,,,,,No,Yes
R0520,10.1016/j.wroa.2026.100506,2026,Guadeloupe (French Caribbean),"Guadeloupe; Pointe-à-Pitre, Les Abymes, Baie-Mahault, Lamentin, Le Gosier",Full-scale,Mixed,No,0,bla;erm;intI1;qnr;tet,influent_to_final_effluent,biological,No,0,,,not_reported,,,,not_reported,,,,not_reported,,,,not_reported,,,,not_reported,,,,not_reported,,,,not_reported,,,,,No,Yes
R0524,10.1016/j.envpol.2025.126179,2025,Algeria,Sétif region; Oued Boussellam catchment,Full-scale,Municipal,Yes,6,bla;sul;tet,influent_to_final_effluent,disinfection;unclear,No,0,,,not_reported,,,,not_reported,,,,not_reported,,,,not_reported,,,,not_reported,,,,not_reported,,,,not_reported,,,,,No,Yes
R0559,10.3390/app15095158,2025,South Korea,unclear,Full-scale,Livestock,No,0,,,,Yes,18,erm;other;sul;tet,matrix_unclear,not_reported,,,,not_reported,,,,not_reported,,,,not_reported,,,,extracted,municipal influent,90.4,mg/L,extracted,municipal influent,440.0,mg/L,extracted,digestate-sludge,6.7,pH,,No,No
R0564,10.1016/j.scitotenv.2023.168313,2024,China,Jiangsu Province,Full-scale,Municipal,No,0,erm;qnr;sul;tet,influent_to_final_effluent,membrane,No,0,,,not_reported,,,,not_reported,,,,not_reported,,,,not_reported,,,,not_reported,,,,not_reported,,,,not_reported,,,,,Yes,Yes
R0569,10.1016/j.psep.2024.10.092,2024,China,Hangzhou,Lab-scale,Industrial,No,0,qnr,influent_to_final_effluent,physicochemical,No,0,,,not_reported,,,,not_reported,,,,not_reported,,,,not_reported,,,,not_reported,,,,not_reported,,,,not_reported,,,,,No,Yes
R0570,10.1007/s11356-024-35832-z,2025,China,"southeast Sichuan, upper reaches of the Yangtze River",Full-scale,Municipal,No,0,erm;qnr,influent_to_final_effluent,membrane,Yes,8,sul;tet,final_effluent;influent,not_reported,,,,not_reported,,,,not_reported,,,,not_reported,,,,not_reported,,,,not_reported,,,,not_reported,,,,,Yes,Yes
R0591,10.1007/s11356-022-24545-w,2023,China,"Zhengzhou City, Henan Province",Full-scale,Municipal,Yes,5,bla;erm;other;sul;tet,influent_to_final_effluent,physicochemical,Yes,2,intI1,final_effluent;influent;sludge,not_reported,,,,not_reported,,,,not_reported,,,,not_reported,,,,not_reported,,,,not_reported,,,,not_reported,,,,,No,Yes
R0595,10.1016/j.jece.2025.116510,2025,China,Qingdao,Full-scale,Municipal,No,0,intI1;sul,influent_to_final_effluent,unclear,No,0,,,extracted,municipal influent,157.7,mg/L,not_reported,,,,not_reported,,,,not_reported,,,,not_reported,,,,not_reported,,,,not_reported,,,,,Yes,Yes
R0602,10.1186/s40793-024-00557-6,2024,Spain,Alicante,Full-scale,Municipal,No,0,,,,Yes,4,sul;tet,matrix_unclear,not_reported,,,,not_reported,,,,not_reported,,,,not_reported,,,,not_reported,,,,not_reported,,,,not_reported,,,,,No,No
R0612,10.1021/acsestwater.5c00883,2025,United States,northern Indiana,Full-scale,Municipal,Yes,9,bla;erm;other;sul;tet,influent_to_final_effluent,disinfection,Yes,2,other;sul,influent,not_reported,,,,not_reported,,,,not_reported,,,,not_reported,,,,not_reported,,,,not_reported,,,,not_reported,,,,,No,Yes
R0619,10.1016/j.watres.2024.121392,2024,China,Chengdu,Full-scale,Domestic,No,0,,,,Yes,7,bla;intI1;sul;tet,secondary_effluent,not_reported,,,,not_reported,,,,not_reported,,,,not_reported,,,,not_reported,,,,not_reported,,,,not_reported,,,,,No,No
R0620,10.1016/j.cej.2023.146916,2023,Spain,central Spain,Pilot-scale,Municipal,No,0,intI1,secondary_effluent_to_final_effluent,disinfection;physicochemical,No,0,,,not_reported,,,,not_reported,,,,extracted,mixed,8.68,mg/L,extracted,mixed,0.5,mg/L,extracted,mixed,10.29,mg/L,not_reported,,,,extracted,mixed,6.92;10.0;6.92,pH,,No,Yes
R0621,10.1007/s13762-024-05952-7,2025,Algeria,Tizi-Ouzou,Full-scale,Municipal,No,0,,,,Yes,18,bla;intI1;qnr;sul;tet,final_effluent;influent,extracted,municipal influent,326.1;125.0,mg/L,extracted,municipal influent,25.0,mg/L,not_reported,,,,not_reported,,,,not_reported,,,,extracted,municipal influent,35.0,mg/L,extracted,municipal influent,6.5,pH,,No,No
R0628,10.1016/j.clwat.2025.100076,2025,Brazil,"Belo Horizonte, metropolitan region",Full-scale,Mixed,No,0,,,,Yes,10,bla;erm;intI1;qnr;sul,final_effluent;influent;matrix_unclear,not_reported,,,,not_reported,,,,not_reported,,,,not_reported,,,,not_reported,,,,not_reported,,,,not_reported,,,,,No,No
R0658,10.1016/j.scitotenv.2025.179787,2025,Japan,Greater Osaka area,Full-scale,Municipal,No,0,,,,Yes,8,sul;tet,matrix_unclear,not_reported,,,,not_reported,,,,not_reported,,,,not_reported,,,,not_reported,,,,not_reported,,,,not_reported,,,,,No,No
R0681,10.1016/j.watres.2023.119986,2023,Estonia,Tartu County,Pilot-scale,Mixed,No,0,,,,Yes,3,intI1;sul;tet,influent;matrix_unclear,not_reported,,,,not_reported,,,,not_reported,,,,not_reported,,,,not_reported,,,,not_reported,,,,not_reported,,,,,No,No
R0692,10.1016/j.scitotenv.2024.171555,2024,Australia,Melbourne,Full-scale,Municipal,No,0,intI1,sewage_sludge_to_anaerobic_sludge,biological,No,0,,,not_reported,,,,not_reported,,,,not_reported,,,,not_reported,,,,not_reported,,,,not_reported,,,,not_reported,,,,,Yes,Yes
R0713,10.1002/wer.11104,2024,Switzerland,"La Chaux-de-Fonds, Valanvron valley",Full-scale,Mixed,No,0,bla;erm,influent_to_final_effluent,biological,Yes,10,bla;erm;intI1;sul;tet,final_effluent;matrix_unclear,not_reported,,,,not_reported,,,,not_reported,,,,not_reported,,,,not_reported,,,,not_reported,,,,not_reported,,,,,Yes,Yes
R0719,10.1016/j.ecoenv.2023.114606,2023,China,coastal industrial park; Haihe River estuary; Tianjin mentioned in comparison,Full-scale,Mixed,No,0,,,,Yes,2,erm;other,matrix_unclear,not_reported,,,,not_reported,,,,not_reported,,,,not_reported,,,,not_reported,,,,not_reported,,,,not_reported,,,,,No,No
R0730,10.1016/j.scitotenv.2022.156232,2022,Japan,Yodo River Basin,Full-scale,Mixed,No,0,,,,Yes,8,bla,final_effluent;influent;secondary_effluent,extracted,hospital;municipal influent,47.0;122.0,mg/L,not_reported,,,,not_reported,,,,not_reported,,,,not_reported,,,,not_reported,,,,not_reported,,,,,No,No
R0743,10.1016/j.biortech.2025.132047,2025,Japan,unclear,Full-scale,Municipal,Yes,1,tet,influent_to_secondary_effluent,membrane,No,0,,,not_reported,,,,not_reported,,,,not_reported,,,,not_reported,,,,not_reported,,,,not_reported,,,,not_reported,,,,,No,Yes
R0744,10.5004/dwt.2023.29127,2023,Iran,Qom,Full-scale,Municipal,No,0,bla,influent_to_final_effluent,disinfection,No,0,,,not_reported,,,,not_reported,,,,not_reported,,,,not_reported,,,,not_reported,,,,not_reported,,,,not_reported,,,,,Yes,Yes
R0754,10.1016/j.jenvman.2023.119053,2023,Poland,northeastern Poland,Full-scale,Mixed,No,0,,,,Yes,16,erm;other;qnr,influent;matrix_unclear,not_reported,,,,not_reported,,,,extracted,municipal influent,16.0;2.0,mg/L,extracted,municipal influent,1.0,mg/L,not_reported,,,,not_reported,,,,not_reported,,,,,No,No
R0782,10.1016/j.jgar.2025.09.002,2025,Uganda,Mbarara,Full-scale,Mixed,Yes,2,bla;sul;tet,influent_to_final_effluent,biological,No,0,,,not_reported,,,,not_reported,,,,not_reported,,,,not_reported,,,,not_reported,,,,not_reported,,,,not_reported,,,,,No,Yes
R0784,10.3390/antibiotics12111586,2023,United States,"Upper Oconee Watershed, northeastern Georgia; Athens, Georgia",Full-scale,Municipal,No,0,,,,Yes,6,bla;erm;tet,final_effluent;influent,not_reported,,,,not_reported,,,,not_reported,,,,not_reported,,,,not_reported,,,,not_reported,,,,not_reported,,,,,No,No
R0792,10.1016/j.scitotenv.2025.179241,2025,United States,"Columbus, Ohio; Jackson Pike WWTP; Scioto River",Full-scale,Municipal,Yes,1,bla,influent_to_final_effluent,disinfection,No,0,,,not_reported,,,,not_reported,,,,not_reported,,,,not_reported,,,,not_reported,,,,not_reported,,,,not_reported,,,,,No,Yes
R0795,10.1016/j.jece.2026.121488,2026,China,Harbin,Bench-scale,Municipal,No,0,,,,Yes,4,intI1;qnr;tet,secondary_effluent,not_reported,,,,not_reported,,,,extracted,mixed,4.3,mg/L,not_reported,,,,extracted,mixed,6.59,mg/L,not_reported,,,,not_reported,,,,,No,No
R0804,10.2166/wrd.2022.018,2022,Lebanon,Keserwan and Batroun Districts; Bekaa region,Lab-scale,Municipal,No,0,bla,influent_to_final_effluent,membrane,No,0,,,not_reported,,,,not_reported,,,,not_reported,,,,extracted,digestate-sludge,56.6,mg/L,not_reported,,,,extracted,mixed;municipal influent,3.2;0.83,mg/L,not_reported,,,,,No,Yes
R0807,10.1016/j.ijheh.2024.114517,2025,Brazil,"Itabirito, Minas Gerais State",Lab-scale,Municipal,No,0,,,,Yes,2,sul,final_effluent;matrix_unclear,not_reported,,,,not_reported,,,,not_reported,,,,not_reported,,,,not_reported,,,,not_reported,,,,not_reported,,,,,No,No
R0815,10.1002/jctb.7329,2024,Greece,"Heraklion, Crete",Lab-scale,Hospital,No,0,,,,Yes,8,bla;qnr;sul;tet,final_effluent;matrix_unclear;other_known,not_reported,,,,not_reported,,,,not_reported,,,,not_reported,,,,not_reported,,,,not_reported,,,,not_reported,,,,,No,No
R0820,10.3390/antibiotics13080711,2024,Japan,urban area of Japan,Full-scale,Mixed,No,0,,,,Yes,3,bla,final_effluent;matrix_unclear,extracted,hospital;municipal influent,51.0;19.0,mg/L,extracted,hospital;municipal influent,74.0;5.2,mg/L,not_reported,,,,extracted,hospital;municipal influent,30.0;2.4,mg/L,not_reported,,,,extracted,hospital;municipal influent,204.0;12.0,mg/L,extracted,municipal influent,7.5,pH,,No,No
R0821,10.1016/j.jece.2025.121004,2026,India,"IIT Madras, Tamil Nadu",Bench-scale,Municipal,No,0,,,,Yes,4,intI1;sul,matrix_unclear;sludge,not_reported,,,,not_reported,,,,not_reported,,,,not_reported,,,,extracted,mixed,1.0,mg/L,not_reported,,,,not_reported,,,,,No,No
R0825,10.1111/tmi.13986,2024,Brazil,São Paulo,Full-scale,Mixed,No,0,,,,Yes,47,bla;other;qnr,final_effluent;matrix_unclear,not_reported,,,,not_reported,,,,not_reported,,,,not_reported,,,,not_reported,,,,not_reported,,,,not_reported,,,,,No,No
R0841,10.1016/j.biortech.2019.122513,2020,China,"Minhang district, Shanghai",Lab-scale,Municipal,No,0,bla;erm;other;tet,sewage_sludge_to_biosolids,biological,No,0,,,not_reported,,,,not_reported,,,,not_reported,,,,not_reported,,,,not_reported,,,,not_reported,,,,not_reported,,,,,No,Yes
R0846,10.1021/acs.estlett.9b00521,2019,United States,"Orange County, CA",Full-scale,Municipal,No,0,,,,Yes,11,erm;intI1;sul,influent;matrix_unclear;other_known,not_reported,,,,not_reported,,,,not_reported,,,,not_reported,,,,not_reported,,,,not_reported,,,,not_reported,,,,,No,No
R0849,10.1089/ees.2020.0189,2020,China,Nanjing (corresponding author affiliation); local WWTP not otherwise named,Bench-scale,Municipal,Yes,9,sul;tet,secondary_effluent_to_final_effluent,disinfection,Yes,4,sul;tet,secondary_effluent,not_reported,,,,not_reported,,,,not_reported,,,,not_reported,,,,not_reported,,,,not_reported,,,,not_reported,,,,,No,Yes
R0853,10.1016/j.scitotenv.2016.01.078,2016,China,Nanjing,Bench-scale,Municipal,Yes,14,intI1;sul;tet,secondary_effluent_to_final_effluent,disinfection;physicochemical,No,0,,,not_reported,,,,not_reported,,,,extracted,mixed,1.0,mg/L,extracted,mixed,16.0,mg/L,not_reported,,,,extracted,mixed,1.91,mg/L,extracted,mixed;municipal influent,7.0;7.0,pH,,No,Yes
R0864,10.1371/journal.pone.0131532,2015,Brazil,Belo Horizonte,Full-scale,Domestic,No,0,,,,Yes,2,intI1,influent;sludge,not_reported,,,,not_reported,,,,not_reported,,,,not_reported,,,,not_reported,,,,not_reported,,,,not_reported,,,,,No,No
R0867,10.1016/j.jenvman.2018.09.043,2018,China,Northern city; pharmaceutical industrial park,Full-scale,Industrial,Yes,1,bla,influent_to_final_effluent,biological,Yes,2,bla,final_effluent;influent,not_reported,,,,not_reported,,,,not_reported,,,,extracted,mixed;municipal influent,10.0;8.01,mg/L,extracted,mixed;municipal influent,8.0;7.35,mg/L,not_reported,,,,extracted,municipal influent,6.09,pH,,No,Yes
R0869,10.1016/j.scitotenv.2021.149344,2021,Australia,not reported,Full-scale,Municipal,No,0,intI1,sewage_sludge_to_anaerobic_sludge,unclear,No,0,,,not_reported,,,,not_reported,,,,not_reported,,,,not_reported,,,,not_reported,,,,not_reported,,,,extracted,digestate-sludge,7.3,pH,,No,Yes
R0872,10.1016/j.envpol.2021.118512,2022,China,"Xinxiang City, Henan Province",Full-scale,Mixed,Yes,5,erm;other;sul;tet,influent_to_secondary_effluent,unclear,No,0,tet,secondary_effluent,not_reported,,,,not_reported,,,,not_reported,,,,not_reported,,,,not_reported,,,,not_reported,,,,not_reported,,,,,No,Yes
R0885,10.1007/s11783-019-1116-5,2019,China,Harbin,Full-scale,Mixed,Yes,11,bla;intI1;sul;tet,influent_to_secondary_effluent;secondary_effluent_to_final_effluent,disinfection;physicochemical,No,0,,,not_reported,,,,not_reported,,,,not_reported,,,,not_reported,,,,not_reported,,,,not_reported,,,,not_reported,,,,,Yes,Yes
R0892,10.2166/wrd.2021.097,2021,Namibia,Windhoek,Full-scale,Municipal,No,0,,,,Yes,7,erm;sul,influent;matrix_unclear,not_reported,,,,not_reported,,,,not_reported,,,,not_reported,,,,not_reported,,,,not_reported,,,,not_reported,,,,,No,No
R0896,10.1089/mdr.2017.0406,2018,Czech Republic,Central and western Bohemia,Full-scale,Mixed,No,0,tet,activated_sludge_to_secondary_effluent,physicochemical,No,0,,,not_reported,,,,not_reported,,,,not_reported,,,,not_reported,,,,not_reported,,,,not_reported,,,,extracted,municipal influent,7.0,pH,,No,Yes
R0898,10.1016/j.watres.2019.115056,2019,Portugal,Northern Portugal,Bench-scale,Municipal,No,0,,,,Yes,21,bla;intI1;qnr,matrix_unclear,not_reported,,,,not_reported,,,,not_reported,,,,not_reported,,,,not_reported,,,,not_reported,,,,not_reported,,,,,No,No
R0902,10.1016/j.watres.2017.10.025,2017,India,Delhi; Mehrauli sewage treatment plant,Full-scale,Domestic,No,0,,,,Yes,7,bla;intI1;other,influent,extracted,municipal influent,175.0,mg/L,not_reported,,,,not_reported,,,,not_reported,,,,not_reported,,,,not_reported,,,,not_reported,,,,,No,No
R0903,10.1016/j.watres.2016.02.049,2016,Italy,"Eastern Piedmont (Northern Italy); Verbania, Novara, Cannobio",Full-scale,Mixed,No,0,,,,Yes,9,erm;intI1;qnr;sul;tet,matrix_unclear,not_reported,,,,not_reported,,,,not_reported,,,,not_reported,,,,not_reported,,,,not_reported,,,,not_reported,,,,,No,No
R0909,10.1016/j.watres.2017.01.010,2017,China,Hefei,Full-scale,Municipal,Yes,8,intI1;sul;tet,secondary_effluent_to_final_effluent,physicochemical,Yes,14,intI1;sul;tet,influent;matrix_unclear;secondary_effluent,not_reported,,,,not_reported,,,,not_reported,,,,not_reported,,,,not_reported,,,,not_reported,,,,not_reported,,,,,No,Yes
R0917,10.1016/j.watres.2020.116273,2020,China,Shanghai,Lab-scale,Domestic,Yes,1,erm,secondary_effluent_to_final_effluent,unclear,Yes,4,intI1;other;sul,secondary_effluent,not_reported,,,,not_reported,,,,not_reported,,,,extracted,mixed,0.3,mg/L,extracted,mixed,96.04,mg/L,not_reported,,,,extracted,mixed,7.2,pH,,No,Yes
R0922,10.1007/s11356-021-15351-x,2021,Brazil,"Itabirito City, Minas Gerais State",Bench-scale,Municipal,No,0,,,,Yes,8,bla;erm,matrix_unclear;secondary_effluent,not_reported,,,,not_reported,,,,not_reported,,,,not_reported,,,,not_reported,,,,not_reported,,,,not_reported,,,,,No,No
R0926,10.1038/s41598-021-96169-y,2021,Germany,poultry slaughterhouse wastewater; river receiving waterbody,Full-scale,Livestock,Yes,4,bla;erm;sul;tet,influent_to_secondary_effluent,disinfection,No,0,,,not_reported,,,,not_reported,,,,not_reported,,,,not_reported,,,,not_reported,,,,not_reported,,,,extracted,municipal influent,6.0,pH,,No,Yes
R0933,10.1002/bit.27134,2019,Unclear,North Durham Wastewater Treatment Facility,Bench-scale,Municipal,No,0,,,,Yes,14,other,matrix_unclear;sludge,not_reported,,,,not_reported,,,,not_reported,,,,not_reported,,,,not_reported,,,,not_reported,,,,not_reported,,,,,No,No
R0944,10.3390/w10010037,2018,Unclear,unclear,Full-scale,Municipal,Yes,4,sul,activated_sludge_to_secondary_effluent;influent_to_activated_sludge;influent_to_final_effluent;secondary_effluent_to_final_effluent,disinfection,No,0,,,not_reported,,,,not_reported,,,,not_reported,,,,not_reported,,,,not_reported,,,,not_reported,,,,not_reported,,,,,No,Yes
R0950,10.1016/j.scitotenv.2018.07.370,2019,Italy,"Cannobio, Piedmont Region",Full-scale,Mixed,No,0,erm;intI1;qnr;sul;tet,influent_to_final_effluent,disinfection,No,0,,,extracted,mixed,294.0;101.0,mg/L,extracted,mixed,205.0,mg/L,not_reported,,,,not_reported,,,,not_reported,,,,not_reported,,,,not_reported,,,,,Yes,Yes
R0954,10.1016/j.ecoenv.2018.05.049,2018,China,Wuhan,Full-scale,Livestock,No,0,,,,Yes,16,erm;other;qnr;sul;tet,influent;matrix_unclear,not_reported,,,,not_reported,,,,not_reported,,,,not_reported,,,,not_reported,,,,not_reported,,,,not_reported,,,,,No,No
R0957,10.1016/j.scitotenv.2018.10.111,2019,China,Yangtze River (Nanjing section),Full-scale,Mixed,No,0,,,,Yes,8,bla;other,final_effluent;influent;matrix_unclear;secondary_effluent,not_reported,,,,not_reported,,,,not_reported,,,,not_reported,,,,not_reported,,,,not_reported,,,,not_reported,,,,,No,No
R0972,10.1007/s11783-021-1392-8,2021,China,Beijing,Full-scale,Mixed,No,0,,,,Yes,5,erm;intI1;sul;tet,final_effluent;influent;secondary_effluent,not_reported,,,,not_reported,,,,not_reported,,,,not_reported,,,,not_reported,,,,not_reported,,,,not_reported,,,,,No,No
R0986,10.1007/s11356-014-3665-2,2015,China,"Linan City, eastern China",Full-scale,Municipal,No,0,,,,Yes,2,intI1;sul,influent,not_reported,,,,not_reported,,,,not_reported,,,,not_reported,,,,not_reported,,,,not_reported,,,,not_reported,,,,,No,No
R0988,10.1039/c8ew00270c,2018,United States,"South Shore WRRF, Oak Creek, WI",Lab-scale,Municipal,No,0,,,,Yes,8,intI1;sul,final_effluent;influent;matrix_unclear,not_reported,,,,extracted,mixed,235.0;160.0,mg/L,not_reported,,,,not_reported,,,,not_reported,,,,not_reported,,,,not_reported,,,,"system_scale corrected to Lab-scale (PDF: laboratory-scale AnMBR on real primary effluent), author-verified 30 Sep 2026",No,No
R1012,10.1007/s11356-014-2613-5,2014,China,Jiangsu province and Shanghai,Full-scale,Mixed,No,0,,,,Yes,50,intI1;sul;tet,final_effluent;influent,not_reported,,,,not_reported,,,,not_reported,,,,not_reported,,,,not_reported,,,,not_reported,,,,not_reported,,,,,No,No
R1016,10.1016/j.chemosphere.2021.132833,2022,China,Harbin,Full-scale,Domestic,No,0,intI1,influent_to_final_effluent,biological,Yes,1,other,influent,not_reported,,,,not_reported,,,,not_reported,,,,not_reported,,,,not_reported,,,,not_reported,,,,not_reported,,,,,Yes,Yes
R1017,10.3390/W12061729,2020,United States,Louisiana,Full-scale,Municipal,Yes,2,intI1;tet,influent_to_final_effluent,biological,Yes,2,intI1;tet,final_effluent;influent,not_reported,,,,not_reported,,,,not_reported,,,,not_reported,,,,not_reported,,,,not_reported,,,,not_reported,,,,,No,Yes
R1026,10.1016/j.biortech.2020.122825,2020,Unclear,unclear,Full-scale,Mixed,No,0,,,,Yes,2,bla,final_effluent;influent,not_reported,,,,not_reported,,,,not_reported,,,,not_reported,,,,not_reported,,,,extracted,hospital;municipal influent,14.37;14.37,mg/L,not_reported,,,,,No,No
R1038,10.1080/10934529.2015.1038150,2015,Japan,Oita prefecture,Full-scale,Municipal,No,0,,,,Yes,8,other,final_effluent;influent;secondary_effluent;sludge,not_reported,,,,not_reported,,,,not_reported,,,,not_reported,,,,not_reported,,,,not_reported,,,,not_reported,,,,,No,No
R1039,10.1007/s00253-009-1886-y,2009,China; United States,"Hong Kong (Shatin, Stanley); Shanghai (Minhang); California (San Jose, Palo Alto)",Full-scale,Municipal,No,0,intI1,influent_to_secondary_effluent;secondary_effluent_to_final_effluent,biological,No,0,,,not_reported,,,,not_reported,,,,not_reported,,,,not_reported,,,,not_reported,,,,not_reported,,,,not_reported,,,,,Yes,Yes
R1045,10.1016/j.watres.2019.05.005,2019,China,Hefei,Lab-scale,Municipal,No,0,,,,Yes,14,intI1;sul;tet,matrix_unclear,not_reported,,,,not_reported,,,,not_reported,,,,not_reported,,,,not_reported,,,,not_reported,,,,not_reported,,,,,No,No
R1049,10.1016/j.marpolbul.2019.110856,2020,China,"Hangzhou Bay, Zhejiang Province",Full-scale,Mixed,No,0,,,,Yes,2,erm;sul,influent;secondary_effluent,not_reported,,,,not_reported,,,,not_reported,,,,not_reported,,,,not_reported,,,,not_reported,,,,not_reported,,,,,No,No
R1061,10.1016/j.scitotenv.2018.10.305,2019,China,"Wuxi City, south China",Full-scale,Municipal,Yes,3,intI1;sul,influent_to_secondary_effluent,membrane,Yes,1,sul,secondary_effluent,not_reported,,,,not_reported,,,,not_reported,,,,not_reported,,,,not_reported,,,,not_reported,,,,not_reported,,,,,No,Yes
R1062,10.1021/es401091y,2013,China,"Hangzhou, Hangzhou region",Full-scale,Municipal,No,0,,,,Yes,7,intI1;sul;tet,matrix_unclear,not_reported,,,,not_reported,,,,not_reported,,,,not_reported,,,,not_reported,,,,not_reported,,,,not_reported,,,,,No,No
R1063,10.1016/j.watres.2019.115277,2020,Poland,Kozieg42owy,Full-scale,Municipal,No,0,bla,influent_to_final_effluent,biological,No,0,,,not_reported,,,,not_reported,,,,not_reported,,,,not_reported,,,,not_reported,,,,not_reported,,,,not_reported,,,,,Yes,Yes
R1070,10.2175/106143012X13373575831394,2013,United States,"Christiansburg, Virginia; District of Columbia (Blue Plains)",Lab-scale,Municipal,Yes,1,intI1,sewage_sludge_to_anaerobic_sludge,,No,0,,,not_reported,,,,not_reported,,,,not_reported,,,,not_reported,,,,not_reported,,,,not_reported,,,,not_reported,,,,,No,Yes
R1076,10.2166/wh.2019.160,2019,China,Beijing,Bench-scale,Municipal,Yes,9,intI1;sul;tet,secondary_effluent_to_final_effluent,membrane,No,0,,,not_reported,,,,not_reported,,,,not_reported,,,,extracted,mixed,1.86;254.0,mg/L,extracted,mixed,1.53;59.12,mg/L,not_reported,,,,extracted,mixed,7.6,pH,,No,Yes
R1077,10.1016/j.envint.2021.106641,2021,Poland,Olsztyn; Łyna River; Warmia and Mazury,Full-scale,Municipal,No,0,,,,Yes,2,sul;tet,matrix_unclear,not_reported,,,,not_reported,,,,not_reported,,,,not_reported,,,,not_reported,,,,not_reported,,,,not_reported,,,,,No,No
R1081,10.1016/j.scitotenv.2016.04.047,2016,Italy,Salerno,Lab-scale,Municipal,No,0,,,,Yes,31,bla;qnr;tet,matrix_unclear,extracted,municipal influent,48.0,mg/L,extracted,municipal influent,20.0,mg/L,extracted,municipal influent,7.9,mg/L,not_reported,,,,extracted,municipal influent,1.8,mg/L,extracted,municipal influent,18.0,mg/L,extracted,municipal influent,7.6;7.6,pH,,No,No
R1083,10.1002/wer.1299,2020,Unclear,unclear,Full-scale,Municipal,Yes,6,erm;intI1,influent_to_final_effluent;primary_effluent_to_secondary_effluent,disinfection,No,0,,,not_reported,,,,extracted,digestate-sludge,11.0;75.0;12.0,mg/L,extracted,digestate-sludge,91.7,mg/L,not_reported,,,,not_reported,,,,extracted,digestate-sludge,12.0;100.0;9.0;11.0,mg/L,extracted,digestate-sludge,9.0,pH,,No,Yes
R1085,10.1016/j.jhazmat.2018.06.058,2018,Belgium,Brussels Capital Region; Zenne River,Full-scale,Mixed,Yes,4,bla,influent_to_final_effluent,biological,No,0,,,not_reported,,,,not_reported,,,,not_reported,,,,not_reported,,,,not_reported,,,,not_reported,,,,not_reported,,,,,No,Yes
R1108,10.1007/s11356-016-6350-9,2016,China,Northern China,Full-scale,Industrial,No,0,,,,Yes,5,other,final_effluent;matrix_unclear,not_reported,,,,not_reported,,,,not_reported,,,,not_reported,,,,not_reported,,,,not_reported,,,,not_reported,,,,,No,No
R1122,10.1021/acs.est.6b02640,2016,Switzerland,Neugut (Dübendorf),Full-scale,Municipal,Yes,1,sul,secondary_effluent_to_final_effluent,disinfection,No,0,,,not_reported,,,,not_reported,,,,not_reported,,,,not_reported,,,,not_reported,,,,not_reported,,,,not_reported,,,,,No,Yes
R1124,10.3389/fcimb.2021.686472,2021,Colombia,Antioquia,Full-scale,Mixed,No,0,,,,Yes,38,bla;erm;qnr;sul;tet,matrix_unclear,not_reported,,,,not_reported,,,,not_reported,,,,not_reported,,,,not_reported,,,,not_reported,,,,not_reported,,,,,No,No
R1126,10.1016/j.jhazmat.2022.128933,2022,Portugal,Northern Portugal,Full-scale,Mixed,Yes,4,bla;other,influent_to_final_effluent,disinfection,No,0,,,not_reported,,,,not_reported,,,,not_reported,,,,not_reported,,,,not_reported,,,,not_reported,,,,not_reported,,,,,No,Yes
R1133,10.1007/s11356-018-2913-2,2018,China,"Liaoning Province, northeast China",Full-scale,Industrial,No,0,,,,Yes,10,sul;tet,matrix_unclear,not_reported,,,,not_reported,,,,not_reported,,,,not_reported,,,,not_reported,,,,not_reported,,,,not_reported,,,,,No,No
R1135,10.1016/j.scitotenv.2015.01.046,2015,Unclear,unclear,Full-scale,Mixed,No,0,erm,influent_to_secondary_effluent,biological,No,0,,,not_reported,,,,not_reported,,,,not_reported,,,,not_reported,,,,not_reported,,,,not_reported,,,,not_reported,,,,,Yes,Yes
R1145,10.1016/j.watres.2019.07.004,2019,Canada,"Truro, Nova Scotia",Pilot-scale,Domestic,No,0,,,,Yes,9,erm;qnr;sul;tet,final_effluent;influent;matrix_unclear,not_reported,,,,not_reported,,,,not_reported,,,,not_reported,,,,not_reported,,,,extracted,mixed,174.0,mg/L,not_reported,,,,,No,No
R1158,10.5004/dwt.2020.25712,2020,China,Beijing,Bench-scale,Municipal,Yes,3,sul;tet,secondary_effluent_to_final_effluent,membrane,Yes,3,intI1;sul;tet,secondary_effluent,not_reported,,,,not_reported,,,,not_reported,,,,not_reported,,,,not_reported,,,,not_reported,,,,not_reported,,,,,No,Yes
R1163,10.1016/j.cej.2017.02.076,2017,China,Hangzhou,Lab-scale,Municipal,No,0,,,,Yes,3,sul;tet,secondary_effluent,not_reported,,,,not_reported,,,,not_reported,,,,not_reported,,,,not_reported,,,,not_reported,,,,not_reported,,,,,No,No
R1167,10.1016/j.watres.2019.05.034,2019,China,Tianjin,Bench-scale,Industrial,No,0,,,,Yes,2,bla;sul,influent,extracted,industrial,3750.0,mg/L,not_reported,,,,extracted,industrial,275.0,mg/L,extracted,industrial,175.0,mg/L,not_reported,,,,extracted,industrial,300.0,mg/L,not_reported,,,,,No,No
R1169,10.1016/j.biortech.2018.06.021,2018,China,northwest of Beijing,Full-scale,Municipal,No,0,other,influent_to_final_effluent,membrane,No,0,,,not_reported,,,,not_reported,,,,not_reported,,,,not_reported,,,,not_reported,,,,not_reported,,,,not_reported,,,,,No,Yes
R1170,10.1007/s10646-020-02306-0,2021,China,Guangzhou,Full-scale,Municipal,No,0,tet,influent_to_secondary_effluent,biological;disinfection,No,0,,,not_reported,,,,not_reported,,,,not_reported,,,,not_reported,,,,not_reported,,,,not_reported,,,,not_reported,,,,,Yes,Yes
R1177,10.1016/j.jhazmat.2021.128155,2022,Croatia,"Zagreb, Zadar, Karlovac, Vinkovci, Bjelovar, Čakovec, Varaždin",Full-scale,Municipal,Yes,1,bla,influent_to_final_effluent,biological,No,0,,,not_reported,,,,not_reported,,,,not_reported,,,,not_reported,,,,not_reported,,,,not_reported,,,,not_reported,,,,,No,Yes
R1180,10.1128/AEM.02766-17,2018,China,Xiamen and Longyan,Full-scale,Municipal,No,0,,,,Yes,3,intI1,matrix_unclear,not_reported,,,,not_reported,,,,not_reported,,,,not_reported,,,,not_reported,,,,not_reported,,,,not_reported,,,,,No,No
R1183,10.1016/j.chemosphere.2013.08.068,2013,China,Shanghai,Bench-scale,Municipal,No,0,,,,Yes,6,erm;other;tet,matrix_unclear,not_reported,,,,not_reported,,,,not_reported,,,,not_reported,,,,not_reported,,,,not_reported,,,,not_reported,,,,,No,No
R1191,10.1007/s00253-015-7043-x,2016,United States,southern Minnesota,Lab-scale,Municipal,No,0,,,,Yes,4,intI1;qnr;tet,sludge,not_reported,,,,not_reported,,,,not_reported,,,,not_reported,,,,not_reported,,,,not_reported,,,,not_reported,,,,,No,No
R1193,10.1016/j.scitotenv.2018.05.165,2018,Poland,Warmia and Mazury District,Full-scale,Mixed,No,0,,,,Yes,4,other,final_effluent;influent,not_reported,,,,not_reported,,,,not_reported,,,,not_reported,,,,not_reported,,,,not_reported,,,,not_reported,,,,,No,No
R1195,10.1016/j.scitotenv.2020.140835,2020,Cyprus,unclear,Bench-scale,Municipal,No,0,,,,Yes,29,bla;qnr;sul;tet,matrix_unclear,not_reported,,,,not_reported,,,,not_reported,,,,not_reported,,,,not_reported,,,,not_reported,,,,not_reported,,,,,No,No
R1223,10.1016/j.envpol.2019.03.111,2019,China,"Guangzhou, Guangdong",Pilot-scale,Domestic,No,0,,,,Yes,9,erm;other;qnr;sul;tet,influent,extracted,municipal influent,103.0,mg/L,not_reported,,,,extracted,mixed,0.42;31.6;0.1,mg/L,not_reported,,,,extracted,mixed,31.6;6.53;1.0,mg/L,not_reported,,,,not_reported,,,,,No,No
R1225,10.1007/s11356-014-2800-4,2015,China,"Kaihui, Hunan province, South China",Field-scale,Mixed,No,0,erm;other;sul;tet,influent_to_final_effluent,biological,Yes,1,other;sul,influent,not_reported,,,,extracted,mixed,10.0;42.6,mg/L,extracted,municipal influent,3.0,mg/L,extracted,mixed,2.8,mg/L,extracted,municipal influent,94.0,mg/L,not_reported,,,,not_reported,,,,,Yes,Yes
R1242,10.1016/j.jwpe.2025.108097,2025,United States,"Gresham, OR",Bench-scale,Municipal,No,0,,,,Yes,3,bla;intI1;sul,sludge,extracted,digestate-sludge,726.0,mg/L,not_reported,,,,not_reported,,,,not_reported,,,,extracted,digestate-sludge,1769.0,mg/L,extracted,digestate-sludge,14656.0,mg/L,extracted,digestate-sludge,7.6;7.6,pH,,No,No
R1252,10.1007/s00253-015-6404-9,2015,China,Shanghai,Full-scale,Domestic,Yes,2,erm,influent_to_final_effluent,biological,No,0,,,not_reported,,,,not_reported,,,,not_reported,,,,not_reported,,,,not_reported,,,,not_reported,,,,not_reported,,,,,No,Yes
R1278,10.1371/journal.pone.0252691,2021,Poland,Warmia and Mazury Region; Silesia Region,Full-scale,Mixed,No,0,,,,Yes,2,sul,matrix_unclear,not_reported,,,,not_reported,,,,not_reported,,,,not_reported,,,,not_reported,,,,not_reported,,,,not_reported,,,,,No,No
R1343,10.1080/09603123.2026.2622542,2026,India,"Kanpur, Prayagraj, Varanasi; Ganges River, Northern India",Full-scale,Mixed,Yes,5,bla;erm;qnr,influent_to_secondary_effluent,biological;disinfection,No,0,,,not_reported,,,,not_reported,,,,not_reported,,,,not_reported,,,,not_reported,,,,not_reported,,,,not_reported,,,,,No,Yes
R1406,10.1371/journal.pone.0156383,2016,China,"Tianjin, Northern China",Full-scale,Mixed,No,0,bla,influent_to_final_effluent,disinfection,Yes,6,bla,final_effluent;influent,not_reported,,,,not_reported,,,,not_reported,,,,not_reported,,,,not_reported,,,,not_reported,,,,not_reported,,,,,Yes,Yes
