gene_family,matrix,studies,rows,median,iqr_low,iqr_high,min,max,bootstrap_ci_low,bootstrap_ci_high
tet,influent,9,27,5.3,5.04,5.7,3.2041,6.4532,3.4022,5.716
tet,secondary_effluent,7,10,5.6201,4.2088,6.1486,2.9987,6.2041,3.9234,6.1523
tet,final_effluent,7,25,3.71,2.8469,4.5122,1.971,6.2122,2.4937,4.5244
sul,influent,14,22,6.3405,5.4155,6.873,3.3692,10.7235,5.4761,6.8329
sul,secondary_effluent,10,15,6.0025,5.7466,6.1546,5.0646,7.301,5.5373,6.1953
sul,final_effluent,9,21,5.59,5.0,7.301,3.9842,8.1101,4.5,7.5
bla,influent,13,26,5.1853,4.1818,6.26,2.5,13.5185,4.1818,6.26
bla,secondary_effluent,4,6,4.3425,3.4338,5.0,2.2,5.48,2.2,5.48
bla,final_effluent,10,29,3.7328,2.8696,4.9065,2.1,8.2788,2.7925,5.5343
intI1,influent,13,18,6.7404,5.63,7.3424,4.3617,10.7193,5.63,7.3424
intI1,secondary_effluent,6,6,6.2401,5.2237,7.0796,4.9489,7.5911,5.0085,7.3836
intI1,final_effluent,10,20,6.3895,4.35,6.9552,2.4,8.0771,4.2,7.0
erm,influent,7,8,5.0828,4.1698,5.7986,2.0792,7.0682,3.8388,6.5
erm,secondary_effluent,2,2,5.4782,5.0016,5.9548,4.525,6.4314,4.525,6.4314
erm,final_effluent,3,4,5.4233,4.74,5.8356,4.0567,6.248,4.0567,6.248
qnr,influent,5,7,3.8,1.7803,5.7523,1.5682,6.2,1.5682,6.2
qnr,secondary_effluent,1,2,6.7457,6.7457,6.7457,6.7457,6.7457,,
qnr,final_effluent,4,9,3.28,2.6909,3.52,1.4638,3.7,1.4638,3.7
