gene_family,matrix_bucket,unit_track,source_cohort_id,source_cohort_rows,source_cohort_studies,analysis_scope_rows,analysis_scope_studies,n_studies,n_rows,median_log10_study_level,iqr_low_log10_study_level,iqr_high_log10_study_level,min_study_level,max_study_level,bootstrap_median_log10_ci_low,bootstrap_median_log10_ci_high,display_unit,descriptive_synthesis_mode,abundance_interpretation_note
tet,influent,liquid_absolute_log10_copies_per_mL_equivalent,M1_AXIS2_ABUNDANCE_LIQUID_COPIES_ML_V2_20260730,1127,109,596,84,12,57,5.45612679118177,5.1937500000000005,5.783471347053199,3.204119982655925,7.0,5.1225000000000005,5.850939350471597,log10 copies/mL equivalent,median_iqr_bootstrap_ci,Cross-study abundance landscape; not paired removal.
tet,secondary_effluent,liquid_absolute_log10_copies_per_mL_equivalent,M1_AXIS2_ABUNDANCE_LIQUID_COPIES_ML_V2_20260730,1127,109,596,84,8,15,4.961530545852156,4.351468369722525,5.549360657292527,2.998695158311656,6.204119982655925,3.923409696834772,6.145,log10 copies/mL equivalent,median_iqr_bootstrap_ci,Cross-study abundance landscape; not paired removal.
tet,final_effluent,liquid_absolute_log10_copies_per_mL_equivalent,M1_AXIS2_ABUNDANCE_LIQUID_COPIES_ML_V2_20260730,1127,109,596,84,14,66,4.195,3.05,4.9560959980719215,1.0,6.309703205443389,3.0,5.1,log10 copies/mL equivalent,median_iqr_bootstrap_ci,Cross-study abundance landscape; not paired removal.
tet,sludge,liquid_absolute_log10_copies_per_mL_equivalent,M1_AXIS2_ABUNDANCE_LIQUID_COPIES_ML_V2_20260730,1127,109,596,84,2,3,4.845696342579112,2.4435445138686682,7.247848171289555,0.041392685158225,9.649999999999999,0.041392685158225,9.649999999999999,log10 copies/mL equivalent,list_or_descriptive_lt_min_studies,Cross-study abundance landscape; not paired removal.
sul,influent,liquid_absolute_log10_copies_per_mL_equivalent,M1_AXIS2_ABUNDANCE_LIQUID_COPIES_ML_V2_20260730,1127,109,596,84,21,45,6.5,5.7619278384205295,6.944033556703719,3.0,10.723455672035186,6.041392685158225,6.66,log10 copies/mL equivalent,median_iqr_bootstrap_ci,Cross-study abundance landscape; not paired removal.
sul,secondary_effluent,liquid_absolute_log10_copies_per_mL_equivalent,M1_AXIS2_ABUNDANCE_LIQUID_COPIES_ML_V2_20260730,1127,109,596,84,11,20,5.926342446625655,5.537334266376558,6.12554562952784,2.0256744494103445,7.301029995663981,5.388032263490821,6.176091259055681,log10 copies/mL equivalent,median_iqr_bootstrap_ci,Cross-study abundance landscape; not paired removal.
sul,final_effluent,liquid_absolute_log10_copies_per_mL_equivalent,M1_AXIS2_ABUNDANCE_LIQUID_COPIES_ML_V2_20260730,1127,109,596,84,20,61,5.2936949131693645,4.340673607281788,6.06013731207065,1.0,8.110137418612748,4.5,5.966866871964763,log10 copies/mL equivalent,median_iqr_bootstrap_ci,Cross-study abundance landscape; not paired removal.
sul,sludge,liquid_absolute_log10_copies_per_mL_equivalent,M1_AXIS2_ABUNDANCE_LIQUID_COPIES_ML_V2_20260730,1127,109,596,84,4,19,5.302652523070555,4.805377523085717,5.9862300109781135,3.6505149978319906,7.7,3.6505149978319906,7.7,log10 copies/mL equivalent,list_or_descriptive_lt_min_studies,Cross-study abundance landscape; not paired removal.
bla,influent,liquid_absolute_log10_copies_per_mL_equivalent,M1_AXIS2_ABUNDANCE_LIQUID_COPIES_ML_V2_20260730,1127,109,596,84,15,33,5.185299584791648,3.948196342579113,6.13,2.5,12.518513939877888,4.036732868029271,6.26,log10 copies/mL equivalent,median_iqr_bootstrap_ci,Cross-study abundance landscape; not paired removal.
bla,secondary_effluent,liquid_absolute_log10_copies_per_mL_equivalent,M1_AXIS2_ABUNDANCE_LIQUID_COPIES_ML_V2_20260730,1127,109,596,84,6,10,4.472499324020593,3.910073192020989,5.111024650356404,2.2,6.845098040014257,3.0225490200071286,6.023232120244732,log10 copies/mL equivalent,median_iqr_bootstrap_ci,Cross-study abundance landscape; not paired removal.
bla,final_effluent,liquid_absolute_log10_copies_per_mL_equivalent,M1_AXIS2_ABUNDANCE_LIQUID_COPIES_ML_V2_20260730,1127,109,596,84,19,50,3.3,2.9130374013504134,4.1462596844388235,0.0,8.278753600952829,3.0,4.104998648041184,log10 copies/mL equivalent,median_iqr_bootstrap_ci,Cross-study abundance landscape; not paired removal.
bla,sludge,liquid_absolute_log10_copies_per_mL_equivalent,M1_AXIS2_ABUNDANCE_LIQUID_COPIES_ML_V2_20260730,1127,109,596,84,1,1,5.9,5.9,5.9,5.9,5.9,5.9,5.9,log10 copies/mL equivalent,list_or_descriptive_lt_min_studies,Cross-study abundance landscape; not paired removal.
intI1,influent,liquid_absolute_log10_copies_per_mL_equivalent,M1_AXIS2_ABUNDANCE_LIQUID_COPIES_ML_V2_20260730,1127,109,596,84,19,39,6.740362689494244,5.5649999999999995,7.133711340411104,0.9242792860618816,10.719331286983726,5.63,6.925000000000001,log10 copies/mL equivalent,median_iqr_bootstrap_ci,Cross-study abundance landscape; not paired removal.
intI1,secondary_effluent,liquid_absolute_log10_copies_per_mL_equivalent,M1_AXIS2_ABUNDANCE_LIQUID_COPIES_ML_V2_20260730,1127,109,596,84,8,10,5.4864566825911965,5.038364836552175,6.813755194289959,4.05307844348342,7.176091259055681,4.948901760970213,6.885020777159834,log10 copies/mL equivalent,median_iqr_bootstrap_ci,Cross-study abundance landscape; not paired removal.
intI1,final_effluent,liquid_absolute_log10_copies_per_mL_equivalent,M1_AXIS2_ABUNDANCE_LIQUID_COPIES_ML_V2_20260730,1127,109,596,84,17,42,5.0,3.322219294733919,6.758911892397974,2.0,8.077073178441909,3.322219294733919,6.758911892397974,log10 copies/mL equivalent,median_iqr_bootstrap_ci,Cross-study abundance landscape; not paired removal.
intI1,sludge,liquid_absolute_log10_copies_per_mL_equivalent,M1_AXIS2_ABUNDANCE_LIQUID_COPIES_ML_V2_20260730,1127,109,596,84,6,7,7.1080016718174,5.087110681304341,9.850000000000001,4.799340549453582,10.954242509439323,4.838410171657218,10.627121254719661,log10 copies/mL equivalent,median_iqr_bootstrap_ci,Cross-study abundance landscape; not paired removal.
erm,influent,liquid_absolute_log10_copies_per_mL_equivalent,M1_AXIS2_ABUNDANCE_LIQUID_COPIES_ML_V2_20260730,1127,109,596,84,10,17,5.090040259284054,4.024091774155087,6.375,2.0791812460476247,7.068185861746161,3.838849090737255,6.5,log10 copies/mL equivalent,median_iqr_bootstrap_ci,Cross-study abundance landscape; not paired removal.
erm,secondary_effluent,liquid_absolute_log10_copies_per_mL_equivalent,M1_AXIS2_ABUNDANCE_LIQUID_COPIES_ML_V2_20260730,1127,109,596,84,2,3,5.038546295616805,4.342137561345714,5.734955029887896,3.645728827074623,6.431363764158987,3.645728827074623,6.431363764158987,log10 copies/mL equivalent,list_or_descriptive_lt_min_studies,Cross-study abundance landscape; not paired removal.
erm,final_effluent,liquid_absolute_log10_copies_per_mL_equivalent,M1_AXIS2_ABUNDANCE_LIQUID_COPIES_ML_V2_20260730,1127,109,596,84,7,12,5.9,4.028343824895304,6.177513934953899,1.0,6.431363764158987,4.0,6.247973266361806,log10 copies/mL equivalent,median_iqr_bootstrap_ci,Cross-study abundance landscape; not paired removal.
erm,sludge,liquid_absolute_log10_copies_per_mL_equivalent,M1_AXIS2_ABUNDANCE_LIQUID_COPIES_ML_V2_20260730,1127,109,596,84,1,1,1.0791812460476249,1.0791812460476249,1.0791812460476249,1.0791812460476249,1.0791812460476249,1.0791812460476249,1.0791812460476249,log10 copies/mL equivalent,list_or_descriptive_lt_min_studies,Cross-study abundance landscape; not paired removal.
qnr,influent,liquid_absolute_log10_copies_per_mL_equivalent,M1_AXIS2_ABUNDANCE_LIQUID_COPIES_ML_V2_20260730,1127,109,596,84,6,14,4.776144898103681,2.6187298178216247,6.0880724490518405,1.568201724066995,6.5,1.8965874072479139,6.35,log10 copies/mL equivalent,median_iqr_bootstrap_ci,Cross-study abundance landscape; not paired removal.
qnr,secondary_effluent,liquid_absolute_log10_copies_per_mL_equivalent,M1_AXIS2_ABUNDANCE_LIQUID_COPIES_ML_V2_20260730,1127,109,596,84,2,3,3.204229845915541,1.4334938387985574,4.974965853032524,-0.3372421683184259,6.745701860149508,-0.3372421683184259,6.745701860149508,log10 copies/mL equivalent,list_or_descriptive_lt_min_studies,Cross-study abundance landscape; not paired removal.
qnr,final_effluent,liquid_absolute_log10_copies_per_mL_equivalent,M1_AXIS2_ABUNDANCE_LIQUID_COPIES_ML_V2_20260730,1127,109,596,84,9,22,3.1,1.0,3.46,0.6989700043360187,6.0,1.0,3.7,log10 copies/mL equivalent,median_iqr_bootstrap_ci,Cross-study abundance landscape; not paired removal.
qnr,sludge,liquid_absolute_log10_copies_per_mL_equivalent,M1_AXIS2_ABUNDANCE_LIQUID_COPIES_ML_V2_20260730,1127,109,596,84,1,1,7.0,7.0,7.0,7.0,7.0,7.0,7.0,log10 copies/mL equivalent,list_or_descriptive_lt_min_studies,Cross-study abundance landscape; not paired removal.
other,influent,liquid_absolute_log10_copies_per_mL_equivalent,M1_AXIS2_ABUNDANCE_LIQUID_COPIES_ML_V2_20260730,1127,109,596,84,14,21,4.6753231175915335,3.1955149978319906,5.687087745860511,1.6989700043360187,7.4276656723930525,3.2371032414446503,5.705,log10 copies/mL equivalent,median_iqr_bootstrap_ci,Cross-study abundance landscape; not paired removal.
other,secondary_effluent,liquid_absolute_log10_copies_per_mL_equivalent,M1_AXIS2_ABUNDANCE_LIQUID_COPIES_ML_V2_20260730,1127,109,596,84,3,5,3.9515965598424367,3.4128452866727685,4.674768284257237,2.8740940135031003,5.3979400086720375,2.8740940135031003,5.3979400086720375,log10 copies/mL equivalent,list_or_descriptive_lt_min_studies,Cross-study abundance landscape; not paired removal.
other,final_effluent,liquid_absolute_log10_copies_per_mL_equivalent,M1_AXIS2_ABUNDANCE_LIQUID_COPIES_ML_V2_20260730,1127,109,596,84,6,15,3.3738166860969527,2.6033144194579414,4.051030891388961,-1.32,5.650623544318106,0.5785606273598313,4.8983757899981715,log10 copies/mL equivalent,median_iqr_bootstrap_ci,Cross-study abundance landscape; not paired removal.
other,sludge,liquid_absolute_log10_copies_per_mL_equivalent,M1_AXIS2_ABUNDANCE_LIQUID_COPIES_ML_V2_20260730,1127,109,596,84,3,4,2.815213937512512,1.4471975917800683,3.4161236384056464,0.0791812460476248,4.017033339298781,0.0791812460476248,4.017033339298781,log10 copies/mL equivalent,list_or_descriptive_lt_min_studies,Cross-study abundance landscape; not paired removal.
