gene_family,route,source_cohort_id,source_cohort_rows,source_cohort_studies,analysis_scope_rows,analysis_scope_studies,n_studies,n_rows,median_study_level,iqr_low_study_level,iqr_high_study_level,min_study_level,max_study_level,bootstrap_median_ci_low,bootstrap_median_ci_high,display_unit,descriptive_synthesis_mode,pooled_mean_dl_from_20260626,pooled_ci_low_dl_from_20260626,pooled_ci_high_dl_from_20260626,i2_percent_from_20260626_analysis_clean,i2_source_synthesis_mode,i2_source_n_studies,i2_source_n_rows,i2_source_note
tet,influent_to_final_effluent,M1_AXIS1_REMOVAL_LOG_REDUCTION,185,45,185,45,11,18,2.0,1.925,2.9975,0.2,4.47,1.85,3.0,log10 reduction,median_iqr_bootstrap_ci,2.3665966323435064,1.7657063226692724,2.9674869420177403,95.6143100914921,pooled_random_effects,11.0,18.0,I2/pooled diagnostic from 20260626 analysis-clean synthesis; frozen n columns are recomputed here.
tet,secondary_effluent_to_final_effluent,M1_AXIS1_REMOVAL_LOG_REDUCTION,185,45,185,45,7,26,2.455,1.7,2.585,0.41,3.2800000000000002,1.0,2.61,log10 reduction,list_or_descriptive_lt_min_studies,,,,,descriptive_only,7.0,26.0,I2 not estimated for this frozen cell.
tet,influent_to_secondary_effluent,M1_AXIS1_REMOVAL_LOG_REDUCTION,185,45,185,45,5,7,1.34,0.3,1.64,0.27,2.7,0.27,2.7,log10 reduction,list_or_descriptive_lt_min_studies,,,,,descriptive_only,5.0,7.0,I2 not estimated for this frozen cell.
tet,final_effluent_to_influent,M1_AXIS1_REMOVAL_LOG_REDUCTION,185,45,185,45,1,1,4.0,4.0,4.0,4.0,4.0,4.0,4.0,log10 reduction,list_or_descriptive_lt_min_studies,,,,,,,,I2 not estimated for this frozen cell.
sul,influent_to_final_effluent,M1_AXIS1_REMOVAL_LOG_REDUCTION,185,45,185,45,10,16,2.1,1.32,3.0,0.2,4.79,1.2,3.18,log10 reduction,median_iqr_bootstrap_ci,2.2612602569346416,1.3760187394468295,3.146501774422453,99.08964981297372,pooled_random_effects,10.0,16.0,I2/pooled diagnostic from 20260626 analysis-clean synthesis; frozen n columns are recomputed here.
sul,secondary_effluent_to_final_effluent,M1_AXIS1_REMOVAL_LOG_REDUCTION,185,45,185,45,8,23,2.17,2.03375,2.70875,1.48,3.49,2.0,2.97,log10 reduction,list_or_descriptive_lt_min_studies,,,,,descriptive_only,8.0,23.0,I2 not estimated for this frozen cell.
sul,influent_to_secondary_effluent,M1_AXIS1_REMOVAL_LOG_REDUCTION,185,45,185,45,5,7,1.0,1.0,1.3,0.8200000000000001,2.06,0.8200000000000001,2.06,log10 reduction,list_or_descriptive_lt_min_studies,,,,,descriptive_only,5.0,7.0,I2 not estimated for this frozen cell.
sul,activated_sludge_to_secondary_effluent,M1_AXIS1_REMOVAL_LOG_REDUCTION,185,45,185,45,1,1,1.28,1.28,1.28,1.28,1.28,1.28,1.28,log10 reduction,list_or_descriptive_lt_min_studies,,,,,list_only,1.0,1.0,I2 not estimated for this frozen cell.
sul,final_effluent_to_influent,M1_AXIS1_REMOVAL_LOG_REDUCTION,185,45,185,45,1,1,4.0,4.0,4.0,4.0,4.0,4.0,4.0,log10 reduction,list_or_descriptive_lt_min_studies,,,,,,,,I2 not estimated for this frozen cell.
sul,influent_to_activated_sludge,M1_AXIS1_REMOVAL_LOG_REDUCTION,185,45,185,45,1,1,1.46,1.46,1.46,1.46,1.46,1.46,1.46,log10 reduction,list_or_descriptive_lt_min_studies,,,,,list_only,1.0,1.0,I2 not estimated for this frozen cell.
bla,influent_to_final_effluent,M1_AXIS1_REMOVAL_LOG_REDUCTION,185,45,185,45,13,22,2.44,2.0,3.2,0.17,4.54,2.0,3.2,log10 reduction,median_iqr_bootstrap_ci,2.437690377164553,1.721161305539351,3.1542194487897546,97.88958803448064,pooled_random_effects,13.0,22.0,I2/pooled diagnostic from 20260626 analysis-clean synthesis; frozen n columns are recomputed here.
bla,secondary_effluent_to_final_effluent,M1_AXIS1_REMOVAL_LOG_REDUCTION,185,45,185,45,2,4,1.205,0.8075,1.6025,0.41000000000000003,2.0,0.41000000000000003,2.0,log10 reduction,list_or_descriptive_lt_min_studies,,,,,list_only,2.0,4.0,I2 not estimated for this frozen cell.
bla,influent_to_secondary_effluent,M1_AXIS1_REMOVAL_LOG_REDUCTION,185,45,185,45,3,5,0.98,0.89,2.34,0.8,3.7,0.8,3.7,log10 reduction,list_or_descriptive_lt_min_studies,,,,,list_only,3.0,5.0,I2 not estimated for this frozen cell.
bla,final_effluent_to_influent,M1_AXIS1_REMOVAL_LOG_REDUCTION,185,45,185,45,1,1,5.0,5.0,5.0,5.0,5.0,5.0,5.0,log10 reduction,list_or_descriptive_lt_min_studies,,,,,,,,I2 not estimated for this frozen cell.
intI1,influent_to_final_effluent,M1_AXIS1_REMOVAL_LOG_REDUCTION,185,45,185,45,7,8,1.4,1.295,1.65,0.2,2.9,1.23,1.8,log10 reduction,list_or_descriptive_lt_min_studies,,,,,descriptive_only,7.0,8.0,I2 not estimated for this frozen cell.
intI1,secondary_effluent_to_final_effluent,M1_AXIS1_REMOVAL_LOG_REDUCTION,185,45,185,45,4,9,2.915,2.335,3.22125,1.15,3.585,1.15,3.585,log10 reduction,list_or_descriptive_lt_min_studies,,,,,list_only,4.0,9.0,I2 not estimated for this frozen cell.
intI1,influent_to_secondary_effluent,M1_AXIS1_REMOVAL_LOG_REDUCTION,185,45,185,45,2,2,1.4,1.1,1.7,0.8,2.0,0.8,2.0,log10 reduction,list_or_descriptive_lt_min_studies,,,,,list_only,2.0,2.0,I2 not estimated for this frozen cell.
intI1,final_effluent_to_receiving_water_downstream,M1_AXIS1_REMOVAL_LOG_REDUCTION,185,45,185,45,1,1,1.0,1.0,1.0,1.0,1.0,1.0,1.0,log10 reduction,list_or_descriptive_lt_min_studies,,,,,,,,I2 not estimated for this frozen cell.
intI1,primary_effluent_to_secondary_effluent,M1_AXIS1_REMOVAL_LOG_REDUCTION,185,45,185,45,1,1,1.43,1.43,1.43,1.43,1.43,1.43,1.43,log10 reduction,list_or_descriptive_lt_min_studies,,,,,list_only,1.0,1.0,I2 not estimated for this frozen cell.
intI1,sewage_sludge_to_anaerobic_sludge,M1_AXIS1_REMOVAL_LOG_REDUCTION,185,45,185,45,1,2,2.0,2.0,2.0,2.0,2.0,2.0,2.0,log10 reduction,list_or_descriptive_lt_min_studies,,,,,,,,I2 not estimated for this frozen cell.
erm,influent_to_final_effluent,M1_AXIS1_REMOVAL_LOG_REDUCTION,185,45,185,45,8,11,2.4749999999999996,1.495,3.21625,1.12,3.8049999999999997,1.36,3.64,log10 reduction,list_or_descriptive_lt_min_studies,,,,,descriptive_only,8.0,10.0,I2 not estimated for this frozen cell.
erm,secondary_effluent_to_final_effluent,M1_AXIS1_REMOVAL_LOG_REDUCTION,185,45,185,45,1,1,4.37,4.37,4.37,4.37,4.37,4.37,4.37,log10 reduction,list_or_descriptive_lt_min_studies,,,,,list_only,1.0,1.0,I2 not estimated for this frozen cell.
erm,influent_to_secondary_effluent,M1_AXIS1_REMOVAL_LOG_REDUCTION,185,45,185,45,3,3,1.22,0.85,1.96,0.48,2.7,0.48,2.7,log10 reduction,list_or_descriptive_lt_min_studies,,,,,list_only,3.0,3.0,I2 not estimated for this frozen cell.
erm,primary_effluent_to_secondary_effluent,M1_AXIS1_REMOVAL_LOG_REDUCTION,185,45,185,45,1,3,2.13,2.13,2.13,2.13,2.13,2.13,2.13,log10 reduction,list_or_descriptive_lt_min_studies,,,,,list_only,1.0,3.0,I2 not estimated for this frozen cell.
qnr,influent_to_final_effluent,M1_AXIS1_REMOVAL_LOG_REDUCTION,185,45,185,45,2,2,1.825,1.4125,2.2375,1.0,2.65,1.0,2.65,log10 reduction,list_or_descriptive_lt_min_studies,,,,,list_only,2.0,2.0,I2 not estimated for this frozen cell.
qnr,influent_to_secondary_effluent,M1_AXIS1_REMOVAL_LOG_REDUCTION,185,45,185,45,1,1,0.94,0.94,0.94,0.94,0.94,0.94,0.94,log10 reduction,list_or_descriptive_lt_min_studies,,,,,list_only,1.0,1.0,I2 not estimated for this frozen cell.
other,influent_to_final_effluent,M1_AXIS1_REMOVAL_LOG_REDUCTION,185,45,185,45,4,4,2.66,2.2399999999999998,3.255,2.0,4.02,2.0,4.02,log10 reduction,list_or_descriptive_lt_min_studies,,,,,list_only,4.0,4.0,I2 not estimated for this frozen cell.
other,secondary_effluent_to_final_effluent,M1_AXIS1_REMOVAL_LOG_REDUCTION,185,45,185,45,1,1,3.0,3.0,3.0,3.0,3.0,3.0,3.0,log10 reduction,list_or_descriptive_lt_min_studies,,,,,list_only,1.0,1.0,I2 not estimated for this frozen cell.
other,influent_to_secondary_effluent,M1_AXIS1_REMOVAL_LOG_REDUCTION,185,45,185,45,2,3,1.9725000000000001,1.48625,2.45875,1.0,2.9450000000000003,1.0,2.9450000000000003,log10 reduction,list_or_descriptive_lt_min_studies,,,,,list_only,2.0,3.0,I2 not estimated for this frozen cell.
