gene_family,route,studies,rows,median,iqr_low,iqr_high,min,max,bootstrap_ci_low,bootstrap_ci_high,dl,dl_ci_low,dl_ci_high,i2_percent
tet,influent_to_final_effluent,9,13,2.53,2.0,3.0,0.2,8.36,1.84,4.47,,,,
tet,influent_to_secondary_effluent,5,10,1.64,0.3,2.7,0.27,3.14,0.27,3.14,,,,
tet,secondary_effluent_to_final_effluent,2,6,1.34,0.81,1.87,0.28,2.4,0.28,2.4,,,,
sul,influent_to_final_effluent,9,13,2.29,1.2,4.07,0.2,7.48,0.6455,4.79,,,,
sul,influent_to_secondary_effluent,5,9,1.3,1.0,1.68,1.0,2.06,1.0,2.06,,,,
sul,secondary_effluent_to_final_effluent,4,10,2.025,1.87,2.15,1.48,2.45,1.48,2.45,,,,
bla,influent_to_final_effluent,12,21,2.37,1.69,3.1025,0.17,4.54,1.38,3.135,2.3075,1.5744,3.0405,97.8153
bla,influent_to_secondary_effluent,2,4,2.25,1.525,2.975,0.8,3.7,0.8,3.7,,,,
bla,secondary_effluent_to_final_effluent,1,1,0.29,0.29,0.29,0.29,0.29,,,,,,
intI1,influent_to_final_effluent,5,5,1.8,1.23,2.9,0.2,5.81,0.2,5.81,,,,
intI1,influent_to_secondary_effluent,3,4,1.36,1.08,1.68,0.8,2.0,0.8,2.0,,,,
intI1,secondary_effluent_to_final_effluent,2,4,2.125,1.6375,2.6125,1.15,3.1,1.15,3.1,,,,
erm,influent_to_final_effluent,8,10,2.575,2.11,3.2162,1.12,3.805,1.92,3.64,,,,
erm,influent_to_secondary_effluent,3,3,1.22,0.85,1.96,0.48,2.7,0.48,2.7,,,,
qnr,influent_to_final_effluent,1,1,2.65,2.65,2.65,2.65,2.65,,,,,,
qnr,influent_to_secondary_effluent,1,1,0.94,0.94,0.94,0.94,0.94,,,,,,
