treatment_category,gene_family,studies,rows,median,iqr_low,iqr_high,min,max,bootstrap_ci_low,bootstrap_ci_high
biological,tet,4,4,2.0,1.5675,2.1325,0.27,2.53,0.27,2.53
biological,sul,3,4,1.2,1.1,1.555,1.0,1.91,1.0,1.91
biological,bla,7,11,2.0,0.525,2.37,0.17,3.07,0.29,2.44
biological,intI1,2,2,2.35,2.075,2.625,1.8,2.9,1.8,2.9
biological,erm,5,6,2.5,2.3,2.65,1.54,3.805,1.54,3.805
biological,qnr,2,2,1.795,1.3675,2.2225,0.94,2.65,0.94,2.65
disinfection,tet,7,15,2.7,1.06,2.9975,0.2,3.14,0.28,3.0
disinfection,sul,9,19,1.68,1.0,2.0,0.2,3.0,0.6455,2.29
disinfection,bla,7,13,3.0,1.4,3.35,0.29,4.0,0.8,3.7
disinfection,intI1,5,8,1.36,1.33,1.37,0.2,2.0,0.2,2.0
disinfection,erm,4,8,2.29,1.53,2.7938,0.48,3.075,0.48,3.075
membrane,tet,2,4,4.33,2.315,6.345,0.3,8.36,0.3,8.36
membrane,sul,2,4,4.39,2.845,5.935,1.3,7.48,1.3,7.48
membrane,intI1,2,2,3.305,2.0525,4.5575,0.8,5.81,0.8,5.81
physicochemical,tet,2,4,3.435,2.9175,3.9525,2.4,4.47,2.4,4.47
physicochemical,sul,2,5,3.26,2.855,3.665,2.45,4.07,2.45,4.07
physicochemical,bla,1,1,4.54,4.54,4.54,4.54,4.54,,
physicochemical,intI1,2,2,2.125,1.6375,2.6125,1.15,3.1,1.15,3.1
physicochemical,erm,1,1,3.64,3.64,3.64,3.64,3.64,,
